author	pg_id	title	gitenberg_repo	status	reason	bytes	sha256	text_file
Agnes Repplier	16722	Americans and Others	Americans-and-Others_16722	fetched		292403	04225280064ecf0ba767cfaa8c0ec5f30f6680080308febaade740038b297d00	16722.txt
Agnes Repplier	55703	In Our Convent Days	In-Our-Convent-Days_55703	fetched		239136	249478faf7a7148d68dc1a7aae12199b8c451d740794540f10426b850fce1f91	55703-8.txt
Agnes Repplier	58942	In the Dozy Hours, and Other Papers	In-the-Dozy-Hours-and-Other-Papers_58942	fetched		283251	e7ef7596b62b7a76d550496234fa6f4f4d2652ec21bc4384c425f3af246030d2	58942-0.txt
Agnes Repplier	59018	Points of View	Points-of-View_59018	fetched		295563	e1e61bfe1271afdb1456620bf4aa413f79d1b22dc430873ce34bbee39b2b090b	59018-0.txt
Agnes Repplier	59430	Essays in Idleness	Essays-in-Idleness_59430	fetched		282661	4c1b9f816256176131575715b67decb488fff019e75f27d6ab6a627dbf7f492e	59430-0.txt
Agnes Repplier	68195	A happy half-century, and other essays	A-happy-half-century-and-other-essays_68195	fetched		299879	21c6cde394d9b24614f23525ffe7c9e6bad1116a9ade067780d070ac53ab68b7	68195-0.txt
Arnold Toynbee	10145	Turkey: a Past and a Future	Turkey-a-Past-and-a-Future_10145	unavailable				
Arnold Toynbee	11716	The Balkans: A History of Bulgaria—Serbia—Greece—Rumania—Turkey	The-Balkans-A-History-of-BulgariaSerbiaGreeceRumaniaTurkey_11716	unavailable				
Arnold Toynbee	50716	The German Terror in Belgium: An Historical Record	The-German-Terror-in-Belgium-An-Historical-Record_50716	fetched		238449	e223a612f99a1d8f7dcd354bf498907194bcdfab8697c2867368f1c2f74954d6	50716-0.txt
Arnold Toynbee	65248	"The Murderous Tyranny of the Turks"	The-Murderous-Tyranny-of-the-Turks_65248	fetched		68157	c25d0902b8969c65500ab7653fc5a4770f7ee9d2141f1f401444c50eea589662	65248-0.txt
Ashley Montagu	58939	The Dolphin in History	The-Dolphin-in-History_58939	fetched		130502	29a1b851f77f3d459a6766af22767a032d74343d661efcfce2eb8a642fa0ca0b	58939-0.txt
Bert Leston Taylor	30038	A line-o'-verse or two	A-line-o-verse-or-two_30038	unavailable				
Bert Leston Taylor	31138	The So-called Human Race	The-So-called-Human-Race_31138	fetched		407029	cc46d178f075d5cd8a1fff40747322e2fb7dad08339b6bdfce6e70369530592f	31138-8.txt
Bert Leston Taylor	65345	Under Three Flags: A Story of Mystery	Under-Three-Flags-A-Story-of-Mystery_65345	fetched		693839	3830b30f4c57ec37e6d56d62571f71d77bff6526be83d151b88b5baf9102f809	65345-0.txt
Bettina von Hutten	16909	The Halo	The-Halo_16909	fetched		448398	a71b0d36a70a351aca797e0064df393131611f41abbbb48006de7d7e0df7d562	16909-8.txt
Brooks Adams	6706	The Emancipation of Massachusetts	The-Emancipation-of-Massachusetts_6706	fetched		822151	66e511e807ba480d0e5403da90fc4297d8107eca7097e3b7e96540f39d55e46c	6706-0.txt
Brooks Adams	10613	The Theory of Social Revolutions	The-Theory-of-Social-Revolutions_10613	fetched		292335	c3c1442eec357be7d1fafed0cbb69edc1ac3021fb07cf307beeb9c1d5715a16c	10613-8.txt
Brooks Adams	26302	The Theory of Social Revolutions	The-Theory-of-Social-Revolutions_26302	unavailable				
Brooks Adams	44908	The Law of Civilization and Decay: An Essay on History	The-Law-of-Civilization-and-Decay-An-Essay-on-History_44908	unavailable				
Charles Edwards	63969	The History and Poetry of Finger-rings	The-History-and-Poetry-of-Finger-rings_63969	fetched		419667	c300483a5716a0adab7a35baba959a7cd3ba5cdf75a076170eda808757547213	63969-0.txt
Charles Kingsley	677	The Heroes; Or, Greek Fairy Tales for My Children	The-Heroes-Or-Greek-Fairy-Tales-for-My-Children_677	unavailable				
Charles Kingsley	695	Glaucus; Or, The Wonders of the Shore	Glaucus-Or-The-Wonders-of-the-Shore_695	fetched		290340	f4de17b05470c0e9a023b9d8e29022efa74fb02351bc3d97183fec2d2877cf4b	695-0.txt
Charles Kingsley	1018	The Water-Babies	The-Water-Babies_1018	unavailable				
Charles Kingsley	1275	Alexandria and Her Schools	Alexandria-and-Her-Schools_1275	unavailable				
Charles Kingsley	1335	The Ancien Régime	The-Ancien-Regime_1335	unavailable				
Charles Kingsley	1360	Historical Lectures and Essays	Historical-Lectures-and-Essays_1360	fetched		282675	884464f92fd5d838447e5e2cd14cb0c6200a7b60fefc9a05332c73313bd344df	1360.txt
Charles Kingsley	1637	Sanitary and Social Lectures and Essays	Sanitary-and-Social-Lectures-and-Essays_1637	fetched		397975	2e49f628e03af5db5a56912412b42e4dae34051256c8303e1697f8e2c26e09f1	1637-0.txt
Charles Kingsley	1697	Madam How and Lady Why; Or, First Lessons in Earth Lore for Children	Madam-How-and-Lady-Why-Or-First-Lessons-in-Earth-Lore-for-Children_1697	unavailable				
Charles Kingsley	1860	Westward Ho! Or, The Voyages and Adventures of Sir Amyas Leigh, Knight, of Burrough, in the County of Devon, in the Reign of Her Most Glorious Majesty Queen Elizabeth	Westward-Ho-Or-The-Voyages-and-Adventures-of-Sir-Amyas-Leigh-Knight-of-Burrough-in-the-County-of-Devon-in-the-Reign-of-Her-Most-Glorious-Majesty-Queen-Elizabeth_1860	unavailable				
Charles Kingsley	3142	Plays and Puritans	Plays-and-Puritans_3142	fetched		145952	e345e7e13af481d5620ffcd9a334f98bf84f1f2856b007ac058cd0954b037bcf	3142-0.txt
Charles Kingsley	3143	Sir Walter Raleigh and His Time	Sir-Walter-Raleigh-and-His-Time_3143	fetched		219696	79940190bf81167e99a56d144d34e0d9a43522f2c8b34008352489c1a646cd23	3143-0.txt
Charles Kingsley	3144	Froude's History of England	Froude-s-History-of-England_3144	fetched		120982	d7675b50808177463e7ca37986213e32a08c58526bacde38620e85d0bd39e3d4	3144-0.txt
Charles Kingsley	3821	The Roman and the Teuton	The-Roman-and-the-Teuton_3821	unavailable				
Charles Kingsley	5687	The Water of Life, and Other Sermons	The-Water-of-Life-and-Other-Sermons_5687	fetched		342984	d12182aee998347599cb6c1f8576d223275ed3dc14d88581206221cf7247f8a6	5687-0.txt
Charles Kingsley	6308	Hypatia — or New Foes with an Old Face	Hypatia-or-New-Foes-with-an-Old-Face_6308	unavailable				
Charles Kingsley	7032	Prose Idylls, New and Old	Prose-Idylls-New-and-Old_7032	fetched		441045	e1faffc26035177f4d99e0c91d34cea7b8bea12f69855f82e6e950b22177b980	7032-0.txt
Charles Kingsley	7042	Discipline and Other Sermons	Discipline-and-Other-Sermons_7042	fetched		338950	5916388c9c7a078da3873f997c23966e5d0bc168767c01d667911045af650320	7042-0.txt
Charles Kingsley	7051	The Good News of God	The-Good-News-of-God_7051	fetched		501383	f64a2c03fcc595ad5b63c51c62aa71b2b85285e056c544cae1898f26e74076de	7051-0.txt
Charles Kingsley	7815	Hereward, the Last of the English	Hereward-the-Last-of-the-English_7815	fetched		963203	ffd84f34d090459dd61c997cade7fca4375630121750c98c3fa8868a172a928b	7815-0.txt
Charles Kingsley	7954	Twenty-Five Village Sermons	Twenty-Five-Village-Sermons_7954	fetched		401386	cdabc0a374243ae542bc72818bc87a484e953d622af9bccfb46f0bc428b9acd9	7954-0.txt
Charles Kingsley	8202	Sermons on National Subjects	Sermons-on-National-Subjects_8202	fetched		891046	07e3580429eda905ed9b4d9763831cac12cf5d421523e89ff300615131761433	8202-0.txt
Charles Kingsley	8374	Alton Locke, Tailor and Poet: An Autobiography	Alton-Locke-Tailor-and-Poet-An-Autobiography_8374	fetched		1083966	d18b1956ea947d78a1ea9c59816062db178fb351d48c87c882a8a19d1ff74a5e	8374.txt
Charles Kingsley	8733	The Hermits	The-Hermits_8733	fetched		541337	5dd662e3b70800c312ffe8b30ebff2da46a3f9170f6cd8e36ae7aac09f71a735	8733-0.txt
Charles Kingsley	10116	All Saints' Day and Other Sermons	All-Saints-Day-and-Other-Sermons_10116	fetched		666827	afa474c27d73fd789b135cee764617e001f0baf90e2ecd7ba1d4187e411db9d7	10116.txt
Charles Kingsley	10251	Town Geology	Town-Geology_10251	fetched		268940	a7b21fe34f8b65ffc517455d1eacf9ddf3097e566ea9f6faa0da1c0a94a1e905	10251.txt
Charles Kingsley	10325	The Gospel of the Pentateuch: A Set of Parish Sermons	The-Gospel-of-the-Pentateuch-A-Set-of-Parish-Sermons_10325	unavailable				
Charles Kingsley	10326	David: Five Sermons	David-Five-Sermons_10326	unavailable				
Charles Kingsley	10364	Yeast: a Problem	Yeast-a-Problem_10364	unavailable				
Charles Kingsley	10427	Scientific Essays and Lectures	Scientific-Essays-and-Lectures_10427	fetched		300286	5b9baa3beb8b3c45cdfb776a8ce262eb00d3cf249964749a5800fbd67123699e	10427.txt
Charles Kingsley	10669	At Last: A Christmas in the West Indies	At-Last-A-Christmas-in-the-West-Indies_10669	unavailable				
Charles Kingsley	10920	Two Years Ago, Volume I	Two-Years-Ago-Volume-I_10920	fetched		661507	47e0aa49ffca496aa6adc4a706824452405a8868e9f72c7ef7d6440fafe8258b	10920-8.txt
Charles Kingsley	10995	Two Years Ago, Volume II.	Two-Years-Ago-Volume-II_10995	unavailable				
Charles Kingsley	11025	Phaethon: Loose Thoughts for Loose Thinkers	Phaethon-Loose-Thoughts-for-Loose-Thinkers_11025	unavailable				
Charles Kingsley	11026	Literary and General Lectures and Essays	Literary-and-General-Lectures-and-Essays_11026	fetched		549094	f40de2b154110bf13b7544b26592855271e432c82a35696dcd5a9933e6ebd367	11026.txt
Charles Kingsley	11064	Andromeda, and Other Poems	Andromeda-and-Other-Poems_11064	fetched		181226	0c281b2abaef776ae999fbe838005d9703f399ee38a220a099956246143dc307	11064.txt
Charles Kingsley	11346	The Saint's Tragedy	The-Saint-s-Tragedy_11346	fetched		313328	a080d16a17fa31dfecf1fc25dba4c201d5416987f2c13e6b3b1c32a2b39675aa	11346.txt
Charles Kingsley	11381	Sermons for the Times	Sermons-for-the-Times_11381	fetched		485308	41d8f3c3aba39e6fc4f3dc3e8eedd124d7748fbae15a4a043b7c6f0406157407	11381.txt
Charles Kingsley	11536	Town and Country Sermons	Town-and-Country-Sermons_11536	fetched		499848	22880586fae37a2a658c56e534723d5cbcec4ae0e6261b1773aa914e09213754	11536.txt
Charles Kingsley	17437	Health and Education	Health-and-Education_17437	fetched		587114	e4edbf62833ead31f68c2499bd7d7fbf2a1853cf2cf2efa7ff87d27ea5bb0d1c	17437.txt
Charles Kingsley	18369	Westminster Sermons	Westminster-Sermons_18369	unavailable				
Charles Kingsley	20138	True Words for Brave Men: A Book for Soldiers' and Sailors' Libraries	True-Words-for-Brave-Men-A-Book-for-Soldiers-and-Sailors-Libraries_20138	unavailable				
Charles Kingsley	20312	Out of the Deep: Words for the Sorrowful	Out-of-the-Deep-Words-for-the-Sorrowful_20312	unavailable				
Charles Kingsley	20433	Women and Politics	Women-and-Politics_20433	fetched		58625	9fdb453c928c016d5e5389136f09a2e5cd8a564dfcc3226d6471af75c0ddf8e9	20433.txt
Charles Kingsley	20711	Daily Thoughts: selected from the writings of Charles Kingsley by his wife	Daily-Thoughts-selected-from-the-writings-of-Charles-Kingsley-by-his-wife_20711	unavailable				
Charles Kingsley	25564	The Water-Babies: A Fairy Tale for a Land-Baby	The-Water-Babies-A-Fairy-Tale-for-a-Land-Baby_25564	unavailable				
Charles Kingsley	30944	Lectures Delivered in America in 1874	Lectures-Delivered-in-America-in-1874_30944	fetched		226262	bab57c985951a52f76085028fa02285f58740ef04e991a9aa9cab1b6216c96e5	30944-0.txt
Charles Kingsley	36309	The Water-Babies	The-Water-Babies_36309	fetched		335044	a23aa5683cee3c2f607cd3ba89af2f4eaad25e69292d6ac2543ed84a814e1e4a	36309-8.txt
Charles William Eliot	16931	Four American Leaders	Four-American-Leaders_16931	fetched		116793	2759d94994b8adea9b02bcdc765d5c9a121694885c78900789019c1b03be849c	16931-8.txt
Cyril Falls	48716	The History of the 36th (Ulster) Division	The-History-of-the-36th-Ulster-Division_48716	fetched		894563	cfeccb6610b131da7b0915f086ac66cfd4dc899b0d04d59435cf849726214aaf	48716-0.txt
Daniel Webster	7600	Select Speeches of Daniel Webster, 1817-1845	Select-Speeches-of-Daniel-Webster-1817-1845_7600	fetched		736903	ebca97b3fb7ba0e2a779c6adb23a70af002496fce4dd61f93fc36d6438b3c6dc	7600-8.txt
Daniel Webster	12606	The Great Speeches and Orations of Daniel Webster	The-Great-Speeches-and-Orations-of-Daniel-Webster_12606	unavailable				
Daniel Webster	36843	The Works of Daniel Webster, Volume 1	The-Works-of-Daniel-Webster-Volume-1_36843	fetched		1377226	198c058d05d8f01a92572a06fd022e0ee47ced1e94b80be85b3a881538a1989a	36843.txt
Daniel Webster	41300	Daniel Webster for Young Americans	Daniel-Webster-for-Young-Americans_41300	unavailable				
Dora Russell	47282	A Country Sweetheart	A-Country-Sweetheart_47282	fetched		762619	da515aff03ab3639867ee3afd7352127ffa21ba1151616d76093b0a56cca4a8b	47282.txt
Elizabeth Bibesco	15156	Balloons	Balloons_15156	fetched		207403	deac871c17388e9d2dfeef9123529aaf81d88f320aeaf0babcf569d2e02189c3	15156-8.txt
Faith Baldwin	37710	Mavis of Green Hill	Mavis-of-Green-Hill_37710	fetched		426764	5db862f609b8f93963fa6eaa38ee85821d44ba671f31f9a64578e16ac66d2d6e	37710-8.txt
Francis Thompson	1336	Shelley: An Essay	Shelley-An-Essay_1336	unavailable				
Francis Thompson	1469	Poems	Poems_1469	fetched		95167	a88a715de877cd8da4720b63c87bc53c51d3b1f4d881c06a432409b9856973e8	1469-0.txt
Francis Thompson	1471	New Poems	New-Poems_1471	fetched		186229	69a13c939aa4d58a00e880d1ae08b90c9c7b9ee6e516d70e681d07d198a6a73a	1471.txt
Francis Thompson	1731	Sister Songs: An Offering to Two Sisters	Sister-Songs-An-Offering-to-Two-Sisters_1731	fetched		78885	cb9173bcb637501076482a753c7e33b568376bef823c3ad2fd03ff59ef0b2c24	1731-0.txt
Francis Thompson	30730	The Hound of Heaven	The-Hound-of-Heaven_30730	fetched		70571	09067224b18171ff73efc8bf9438b09ee8cbbb552c3695db1f471672b1936ac5	30730-8.txt
Francis Thompson	35922	Victorian Ode for Jubilee Day, 1897	Victorian-Ode-for-Jubilee-Day-1897_35922	unavailable				
Francis Thompson	41215	Selected Poems of Francis Thompson	Selected-Poems-of-Francis-Thompson_41215	fetched		219877	80f5b4233b674c6c5ab326cb6ac0952c1f501ce420128cf589a2bf8af0747e22	41215-8.txt
G. Stanley Hall	9173	Youth: Its Education, Regimen, and Hygiene	Youth-Its-Education-Regimen-and-Hygiene_9173	unavailable				
G. Stanley Hall	66534	Senescence, the Last Half of Life	Senescence-the-Last-Half-of-Life_66534	fetched		1084053	79664fb4e715c73501b6d0884c9d1f2ad1ea3cc9407cc792209f0da67441c914	66534-0.txt
Gabriele D'Annunzio	20015	The Child of Pleasure	The-Child-of-Pleasure_20015	fetched		597033	250383559653db4ebbb35ef408d23e72d6b09e04dee715eaf8bed6cc9522e790	20015.txt
Gabriele D'Annunzio	54236	The Intruder	The-Intruder_54236	fetched		529259	6feef06729489b5baca9a54dab0e03c2efea0f762c63fca737a3dddb5a1aef6f	54236-0.txt
Gabriele D'Annunzio	54272	The Triumph of Death	The-Triumph-of-Death_54272	fetched		692718	fcca6b851ee45657b27b37e0ba4ce2b9c93738de0b0571475addac158247bfd5	54272-0.txt
Gabriele D'Annunzio	55742	Tales of My Native Town	Tales-of-My-Native-Town_55742	fetched		370882	eeb38143108e83cf656c027672d689b817350a61b54ea67980d5dbba95918144	55742-0.txt
Gabriele D'Annunzio	60601	The Flame	The-Flame_60601	fetched		529447	7fc4f1b1a4f52f4e6b9ea3de1897386b5e7419b8ac5207518f5b794bea617233	60601-0.txt
Gabriele D'Annunzio	67313	The Virgins of the Rocks	The-Virgins-of-the-Rocks_67313	fetched		394218	c8b2d5a6642278972df3d163b2302434c9c41d4346ae15dadeabf2b92c2f393a	67313-0.txt
George Borrow	415	The Bible in Spain	The-Bible-in-Spain_415	unavailable				
George Borrow	422	The Romany Rye	The-Romany-Rye_422	fetched		923490	413a7b2a02e1fd133ae0d8a11538ffe33647da4a5dabdcd42c831359de31011d	422.txt
George Borrow	452	Lavengro: The Scholar, the Gypsy, the Priest	Lavengro-The-Scholar-the-Gypsy-the-Priest_452	unavailable				
George Borrow	565	The Zincali: An Account of the Gypsies of Spain	The-Zincali-An-Account-of-the-Gypsies-of-Spain_565	unavailable				
George Borrow	603	Letters of George Borrow to the British and Foreign Bible Society	Letters-of-George-Borrow-to-the-British-and-Foreign-Bible-Society_603	fetched		765799	05d494823c939cfd3ddf8239b9ecb84eb18bd887c0845fbdb67500bd6f13e209	603.txt
George Borrow	648	Wild Wales: Its People, Language and Scenery	Wild-Wales-Its-People-Language-and-Scenery_648	fetched		1350954	1ff302fc3bff4ab24fddd984fec9906392ed54f69b34a85e89951fad6501982b	648-0.txt
George Borrow	2733	Romano Lavo-Lil: Word Book of the Romany; Or, English Gypsy Language	Romano-Lavo-Lil-Word-Book-of-the-Romany-Or-English-Gypsy-Language_2733	unavailable				
George Borrow	12458	The Talisman, from the Russian of Alexander Pushkin; With Other Pieces	The-Talisman-from-the-Russian-of-Alexander-Pushkin-With-Other-Pieces_12458	unavailable				
George Borrow	12510	Targum	Targum_12510	unavailable				
George Borrow	13957	The Pocket George Borrow	The-Pocket-George-Borrow_13957	unavailable				
George Borrow	18400	Isopel Berners	Isopel-Berners_18400	unavailable				
George Borrow	20198	Lavengro: the Scholar - the Gypsy - the Priest	Lavengro-the-Scholar-the-Gypsy-the-Priest_20198	unavailable				
George Borrow	21206	The Romany Rye	The-Romany-Rye_21206	unavailable				
George Borrow	22877	Lavengro	Lavengro_22877	unavailable				
George Borrow	22878	Lavengro	Lavengro_22878	unavailable				
George Borrow	23287	Lavengro: The Scholar, the Gypsy, the Priest	Lavengro-The-Scholar-the-Gypsy-the-Priest_23287	unavailable				
George Borrow	25071	The Romany Rye	The-Romany-Rye_25071	unavailable				
George Borrow	27409	The King's Wake, and Other Ballads	The-King-s-Wake-and-Other-Ballads_27409	fetched		32907	329f68fb5bf1f8c0e4b7ba5f730987096dab350e19914f12272ae99cd1659697	27409-0.txt
George Borrow	28784	Letters to his mother, Ann Borrow	Letters-to-his-mother-Ann-Borrow_28784	unavailable				
George Borrow	28814	Letters to his wife Mary Borrow	Letters-to-his-wife-Mary-Borrow_28814	fetched		46194	a9904e4337a1340c97f10866ddbdbc2c80519e0da05d2af1a9256eb0fbb22f37	28814-0.txt
George Borrow	28816	Signelil, A Tale from the Cornish, and Other Ballads	Signelil-A-Tale-from-the-Cornish-and-Other-Ballads_28816	fetched		36189	c4593ee98d0419b3e47feed6744cd7a49aa836b0bca0df05c703ead36b3fb65a	28816-0.txt
George Borrow	28817	The Dalby Bear, and Other Ballads	The-Dalby-Bear-and-Other-Ballads_28817	fetched		31372	58a567c026acd6bdde06c4c9caa5be084d3b9dc42a6793f9217082df5efce457	28817-0.txt
George Borrow	28818	The Giant of Bern and Orm Ungerswayne: A Ballad	The-Giant-of-Bern-and-Orm-Ungerswayne-A-Ballad_28818	unavailable				
George Borrow	28824	The Mermaid's Prophecy	The-Mermaid-s-Prophecy_28824	unavailable				
George Borrow	28825	The Verner Raven, The Count of Vendel's Daughter, and Other Ballads	The-Verner-Raven-The-Count-of-Vendel-s-Daughter-and-Other-Ballads_28825	fetched		35185	4e8147f8cd50367ed95d694eb81fce295d0a2b346916d2320662e1c9f606f3ca	28825-0.txt
George Borrow	28826	The Song of Deirdra, King Byrge and his Brothers, and Other Ballads	The-Song-of-Deirdra-King-Byrge-and-his-Brothers-and-Other-Ballads_28826	fetched		37671	818e59b0fbbfaf8e6f8da4b6aa5acc6c14aba9bb5c660201ebbf2497ac94ff85	28826-0.txt
George Borrow	28830	The Songs of Ranild	The-Songs-of-Ranild_28830	fetched		34400	177a0058cff9587851d4c093f3c9d35348c2e862bb49558525467c3ffb5bc73d	28830-0.txt
George Borrow	28834	The Story of Yvashka with the Bear's Ear	The-Story-of-Yvashka-with-the-Bear-s-Ear_28834	fetched		34291	cedb92a4955d1b890a8a23c4e15debd9b9967c126ea0f012b7d4fc3e2f4d146c	28834-0.txt
George Borrow	28835	The Tale of Brynild, and King Valdemar and His Sister: Two Ballads	The-Tale-of-Brynild-and-King-Valdemar-and-His-Sister-Two-Ballads_28835	unavailable				
George Borrow	28985	Tord of Hafsborough, and Other Ballads	Tord-of-Hafsborough-and-Other-Ballads_28985	fetched		38090	a41537109bf933fe6e20b0014b64a3315100208ec6cee7959023051908c508ab	28985-0.txt
George Borrow	28986	Young Swaigder; or, The Force of Runes, and Other Ballads	Young-Swaigder-or-The-Force-of-Runes-and-Other-Ballads_28986	unavailable				
George Borrow	29103	Grimhild's Vengeance: Three Ballads	Grimhild-s-Vengeance-Three-Ballads_29103	unavailable				
George Borrow	29123	The Fountain of Maribo, and Other Ballads	The-Fountain-of-Maribo-and-Other-Ballads_29123	fetched		33940	825d6d6306c5b0cf18ba8a61bd8883357a1a4a9761e673829386a32e6a8369e5	29123-0.txt
George Borrow	29469	A Supplementary Chapter to the Bible in Spain	A-Supplementary-Chapter-to-the-Bible-in-Spain_29469	fetched		78656	ca9e2e4b7306c428a59fa163aac1c594851db6fe08e9a31526c7c4f1354e29b3	29469-0.txt
George Borrow	29649	The Serpent Knight, and Other Ballads	The-Serpent-Knight-and-Other-Ballads_29649	fetched		39022	157b588f0816ca32186d5d1978bd56227ae671040f632e3effe88e7202917894	29649-0.txt
George Borrow	30792	Lavengro: The Scholar, The Gypsy, The Priest	Lavengro-The-Scholar-The-Gypsy-The-Priest_30792	unavailable				
George Borrow	33336	The Welsh and Their Literature	The-Welsh-and-Their-Literature_33336	unavailable				
George Borrow	35642	The Bible in Spain, Vol. 1 [of 2]	The-Bible-in-Spain-Vol-1-of-2_35642	unavailable				
George Borrow	35676	The Bible in Spain, Vol. 2 [of 2]	The-Bible-in-Spain-Vol-2-of-2_35676	unavailable				
George Borrow	37665	Wild Wales: The People, Language, & Scenery	Wild-Wales-The-People-Language-Scenery_37665	unavailable				
George Borrow	54048	The Romany Rye	The-Romany-Rye_54048	unavailable				
George Borrow	62073	George Borrow's Second Tour in Wales	George-Borrow-s-Second-Tour-in-Wales_62073	fetched		43356	8298061bd7d6e92378ca675fc49c3d2dad75d4559ca5afe2e1205e3f813efa2b	62073-0.txt
George Gissing	1463	The Private Papers of Henry Ryecroft	The-Private-Papers-of-Henry-Ryecroft_1463	fetched		368612	a7a5163388b6f49b40e77dc02981a052128d90336906f216703dd404eb68c959	1463.txt
George Gissing	1709	New Grub Street	New-Grub-Street_1709	fetched		1097107	065d7850e1c68a95f43d9dc088de511b5b71e3f4fb63f538f0e4c0bc21c5c9f8	1709-0.txt
George Gissing	4297	Eve's Ransom	Eve-s-Ransom_4297	fetched		327306	64c17900e25484067aaebecb1622bd5e187936c7af77a55c743fe75555ec3347	4297.txt
George Gissing	4298	The Paying Guest	The-Paying-Guest_4298	fetched		172537	caaf56d9e86729ef84d1b41b5880e8985b298af9a147068aead8922d1bf954cc	4298.txt
George Gissing	4299	The Whirlpool	The-Whirlpool_4299	fetched		952312	281b0c4966200389b39ebc0232f9afb79331e87abdba17a8dbd92ce21d01cf35	4299.txt
George Gissing	4301	The Nether World	The-Nether-World_4301	fetched		932405	eee7a6f7fcfeece727a865237362888cd9429ea65f9aff0ff6b78d40635eb6ee	4301.txt
George Gissing	4302	Thyrza	Thyrza_4302	unavailable				
George Gissing	4303	Denzil Quarrier	Denzil-Quarrier_4303	fetched		484174	8a9fe25b6a06028e0c95221eaa806780530911bc41d37622da9744f0af59e803	4303-8.txt
George Gissing	4304	Our Friend the Charlatan	Our-Friend-the-Charlatan_4304	fetched		783925	eee58727216e4e830c5c275af9d9886f653b2598377df05cc9f1705262a0ff5a	4304.txt
George Gissing	4305	The Unclassed	The-Unclassed_4305	fetched		723003	6d339468d894beecb314b823b25edaed420aee9ba81a118ad1deeb897144a120	4305.txt
George Gissing	4306	Veranilda	Veranilda_4306	fetched		679141	9b997d1b5f3e4b5754056683ddbd1ca2ca375873cf3e92da048f02d165c6be44	4306.txt
George Gissing	4307	In the Year of Jubilee	In-the-Year-of-Jubilee_4307	fetched		791208	0b90336c8aecc9b6e68007d54f8ba2783d52bd0eed214f63b7b4789610d43afe	4307-0.txt
George Gissing	4308	The Town Traveller	The-Town-Traveller_4308	fetched		389268	baef6d15aa9fd30b9805a49e1da6e6c85b717ae8b9d74fd123a9a8d45d9b7ec5	4308.txt
George Gissing	4309	Demos	Demos_4309	fetched		1150346	efec80c08798127a2032e54dd9e7befbf820cc7ee07d58ab0d7e860769f10f2e	4309-0.txt
George Gissing	4310	Will Warburton	Will-Warburton_4310	fetched		503222	334d79c84453de919a45162a270f3779494651161e5ccf87cada7e9b107fef6d	4310-8.txt
George Gissing	4311	The Emancipated	The-Emancipated_4311	fetched		841291	1cad7c8ca4d17389f4ac8b83c994eda1ddc237f87b98d2fd9d20972b82007412	4311.txt
George Gissing	4312	A Life's Morning	A-Life-s-Morning_4312	fetched		820137	eba4c26583a0f4420f71012a058126d9276c052378b274bb931cce75657de462	4312.txt
George Gissing	4313	The Odd Women	The-Odd-Women_4313	fetched		815631	e6e130e106cb389f49cf0f697536a812d4802c00910634a766414332b9e8fddc	4313-8.txt
George Gissing	4354	By the Ionian Sea: Notes of a Ramble in Southern Italy	By-the-Ionian-Sea-Notes-of-a-Ramble-in-Southern-Italy_4354	unavailable				
George Gissing	4526	Born in Exile	Born-in-Exile_4526	fetched		946661	bfe8ebc6251258c5f976502a33094b2ea4a83043251446891104ccc59aaf36ed	4526.txt
George Gissing	4541	The Crown of Life	The-Crown-of-Life_4541	fetched		707667	5036e7f4921ccf932dc2ba0aecfed4d85830aee401481a9fb6aba7c2a9f361d1	4541-8.txt
George Gissing	11603	The House of Cobwebs and Other Stories	The-House-of-Cobwebs-and-Other-Stories_11603	fetched		606619	4726882ea585d14399b4464196dfe393a69dad0d4a2c7df66c29e43d9e08f716	11603-8.txt
George Gissing	54431	Isabel Clarendon, Vol. 1 (of 2)	Isabel-Clarendon-Vol-1-of-2_54431	unavailable				
George Gissing	54432	Isabel Clarendon, Vol. 2 (of 2)	Isabel-Clarendon-Vol-2-of-2_54432	unavailable				
George Meredith	1042	A Reading of Life, with Other Poems	A-Reading-of-Life-with-Other-Poems_1042	fetched		103555	6b7352aba29bcb874081f0207066887b3afff9703b73b0f08b9a7ae844c2ba2b	1042-0.txt
George Meredith	1219	An Essay on Comedy and the Uses of the Comic Spirit	An-Essay-on-Comedy-and-the-Uses-of-the-Comic-Spirit_1219	fetched		119462	064c3004a35f55819dea6f09271d3f20c0fe5bfefd398dac65f535258ffc84e1	1219.txt
George Meredith	1381	Poems — Volume 1	Poems-Volume-1_1381	unavailable				
George Meredith	1382	Poems — Volume 2	Poems-Volume-2_1382	unavailable				
George Meredith	1383	Poems — Volume 3	Poems-Volume-3_1383	unavailable				
George Meredith	1684	The Egoist: A Comedy in Narrative	The-Egoist-A-Comedy-in-Narrative_1684	unavailable				
George Meredith	4401	The Shaving of Shagpat; an Arabian entertainment — Volume 1	The-Shaving-of-Shagpat-an-Arabian-entertainment-Volume-1_4401	fetched		191713	91f0a6e8ec5fede31bbecd2ab080f3d04d6fa29d8a4f4de3ce3cffc6aa526516	4401.txt
George Meredith	4402	The Shaving of Shagpat; an Arabian entertainment — Volume 2	The-Shaving-of-Shagpat-an-Arabian-entertainment-Volume-2_4402	fetched		96475	0214367cba3aa7887585010dd3440c38593f4acc600fbf9cea4877f16531b106	4402.txt
George Meredith	4403	The Shaving of Shagpat; an Arabian entertainment — Volume 3	The-Shaving-of-Shagpat-an-Arabian-entertainment-Volume-3_4403	fetched		137732	37a6e8df5f1f12cbdf1ae83a15ad18913e910ba0762b10ff1c5faccd83478172	4403.txt
George Meredith	4404	The Shaving of Shagpat; an Arabian entertainment — Volume 4	The-Shaving-of-Shagpat-an-Arabian-entertainment-Volume-4_4404	fetched		153468	ff5943a94300375d4cfd69831d5d9b9c757144cc27d84709f98e96364c2ac814	4404.txt
George Meredith	4405	The Shaving of Shagpat; an Arabian entertainment — Complete	The-Shaving-of-Shagpat-an-Arabian-entertainment-Complete_4405	unavailable				
George Meredith	4406	The Ordeal of Richard Feverel — Volume 1	The-Ordeal-of-Richard-Feverel-Volume-1_4406	fetched		169600	19d263d3e36b2d24e9cf0611b0b1f27dc4423206c78b9c79be1a5e5200353ed0	4406.txt
George Meredith	4407	The Ordeal of Richard Feverel — Volume 2	The-Ordeal-of-Richard-Feverel-Volume-2_4407	fetched		169072	1391114acc457adb498acd7bee46a1a21eedee6e9e6d73119634803ffc9fcb17	4407.txt
George Meredith	4408	The Ordeal of Richard Feverel — Volume 3	The-Ordeal-of-Richard-Feverel-Volume-3_4408	fetched		165612	376aa23b00f9aa51b9456ee61cf4b9091ebcf4c98649d668aa13937cafbd9fe7	4408.txt
George Meredith	4409	The Ordeal of Richard Feverel — Volume 4	The-Ordeal-of-Richard-Feverel-Volume-4_4409	fetched		171683	556f251e3d5b3b49ee2ef6c386bc06f45277c2aaac898a43581574f4f573cca8	4409.txt
George Meredith	4410	The Ordeal of Richard Feverel — Volume 5	The-Ordeal-of-Richard-Feverel-Volume-5_4410	fetched		199022	6f54768fd9a16ca9c66f85e4bbce47a3f7404b10f4fc9da8421d178034ade011	4410.txt
George Meredith	4411	The Ordeal of Richard Feverel — Volume 6	The-Ordeal-of-Richard-Feverel-Volume-6_4411	fetched		189899	35d836e25d0e2439ed9f2b5a0e5f74edf64cc37b8dd7188e2cfd2bee051814c8	4411.txt
George Meredith	4412	The Ordeal of Richard Feverel — Complete	The-Ordeal-of-Richard-Feverel-Complete_4412	unavailable				
George Meredith	4413	Sandra Belloni — Volume 1	Sandra-Belloni-Volume-1_4413	fetched		172508	24ce07d44bc55e7813c2649d2505aeb7561610cfba4957b46b5c47636813dcfd	4413.txt
George Meredith	4414	Sandra Belloni — Volume 2	Sandra-Belloni-Volume-2_4414	fetched		165802	93cfe8bec04642524f5ddf610a462fd706156d36daf8b3b899e04bc9160e20b4	4414.txt
George Meredith	4415	Sandra Belloni — Volume 3	Sandra-Belloni-Volume-3_4415	fetched		157659	b81c6725e2d33a954310a5073c555af975f8b48a0aa1821f5dd95d67916a8ffe	4415.txt
George Meredith	4416	Sandra Belloni — Volume 4	Sandra-Belloni-Volume-4_4416	fetched		168657	39f694ccb9391eeaf5f7d400d4300f767d91f89c208699e214beeb6b09e1485d	4416.txt
George Meredith	4417	Sandra Belloni — Volume 5	Sandra-Belloni-Volume-5_4417	fetched		166925	af586800909aa14db16e11fe994a0d4d4b1c74f18122243398720b3096f58194	4417.txt
George Meredith	4418	Sandra Belloni — Volume 6	Sandra-Belloni-Volume-6_4418	fetched		164405	441c84f0f76eeaa017ffb434b29c70d86fee4246c1c9f1c55a318242070d5ae9	4418.txt
George Meredith	4419	Sandra Belloni — Volume 7	Sandra-Belloni-Volume-7_4419	fetched		177696	9be4e5e42b381e5586a8cbd9098ef67dfeac5686468068a7b799f13297a223fc	4419.txt
George Meredith	4420	Sandra Belloni (originally Emilia in England) — Complete	Sandra-Belloni-originally-Emilia-in-England-Complete_4420	unavailable				
George Meredith	4421	Rhoda Fleming — Volume 1	Rhoda-Fleming-Volume-1_4421	fetched		202201	ca8e5f9b1a34754b57cedbd63c3661460935df5ece3380c1de6c1fd2bfb52c24	4421.txt
George Meredith	4422	Rhoda Fleming — Volume 2	Rhoda-Fleming-Volume-2_4422	fetched		187047	d0188a0b11a375920ce90c91a4e7e5a78f618a8077b3e78051be7b05ef4506ce	4422.txt
George Meredith	4423	Rhoda Fleming — Volume 3	Rhoda-Fleming-Volume-3_4423	fetched		198937	289649b221e161d814633d68c6fecc7b83d69290c0a265f8d61e531aaadd077c	4423.txt
George Meredith	4424	Rhoda Fleming — Volume 4	Rhoda-Fleming-Volume-4_4424	fetched		180876	5dd371563c2f249aa873a498f9cafaaa2aef5fcf45312acb27f8a80467ac1d1f	4424.txt
George Meredith	4425	Rhoda Fleming — Volume 5	Rhoda-Fleming-Volume-5_4425	fetched		174392	cf773c8fdc17447e460c350e923d801e2180656dea0d419924990d9b1c0b9ac8	4425.txt
George Meredith	4426	Rhoda Fleming — Complete	Rhoda-Fleming-Complete_4426	unavailable				
George Meredith	4427	Evan Harrington — Volume 1	Evan-Harrington-Volume-1_4427	fetched		170968	83e24c747e410afbefec1f8e07a8e0c203d199df6ddde752142c1016927e2e92	4427.txt
George Meredith	4428	Evan Harrington — Volume 2	Evan-Harrington-Volume-2_4428	fetched		170026	9d87c50aadf839e4c85a3d0044fe8666c5aa48924a7949c4916d4919704d0b8b	4428.txt
George Meredith	4429	Evan Harrington — Volume 3	Evan-Harrington-Volume-3_4429	fetched		139721	5bfa1c849def540339524f9db764f0036dc14a58798fec60bfb42b60bc18ee9a	4429.txt
George Meredith	4430	Evan Harrington — Volume 4	Evan-Harrington-Volume-4_4430	fetched		153942	59a3a86e4d1570e51da28f55b2f281fcb5bf6b6b15e6ed94034d920149298814	4430.txt
George Meredith	4431	Evan Harrington — Volume 5	Evan-Harrington-Volume-5_4431	fetched		176699	6bcb3341563539d461190c46811dace88cad72ff140c71a33075c187c0a27063	4431.txt
George Meredith	4432	Evan Harrington — Volume 6	Evan-Harrington-Volume-6_4432	fetched		141598	c792fb8e80b333e9cb17f62373b823c935b7254790fb32f20300a0f865a6937b	4432.txt
George Meredith	4433	Evan Harrington — Volume 7	Evan-Harrington-Volume-7_4433	fetched		165164	b843090b6d5360f74fe25ded03789dfd73c48d54b10f4e56b97f60c353549f5d	4433.txt
George Meredith	4434	Evan Harrington — Complete	Evan-Harrington-Complete_4434	unavailable				
George Meredith	4435	Vittoria — Volume 1	Vittoria-Volume-1_4435	fetched		154614	164d2888592f6b5a7b337b0318af79dfcb0603001c2445a0ca4217077347f51c	4435.txt
George Meredith	4436	Vittoria — Volume 2	Vittoria-Volume-2_4436	fetched		147591	1b349af3aabf0c8b2b53bc2ca86989c758d0bd3479f3963ca893b0c32825b042	4436.txt
George Meredith	4437	Vittoria — Volume 3	Vittoria-Volume-3_4437	fetched		139594	7b80f50d5eab043bb8e681bc718b9338285e18e9d805474819ad7a385f1094d8	4437.txt
George Meredith	4438	Vittoria — Volume 4	Vittoria-Volume-4_4438	fetched		157459	db1f1fd32e73360e60731570055678d463beb1cf2b09c62ca9a74296fa49f57e	4438.txt
George Meredith	4439	Vittoria — Volume 5	Vittoria-Volume-5_4439	fetched		131870	c97aa82f971950ccffc938bbc2b3009dd131d9ab9f6cfdb232a41b94d918484d	4439.txt
George Meredith	4440	Vittoria — Volume 6	Vittoria-Volume-6_4440	fetched		142898	c079b7ab3fa798a2ebab1825408298393a86465f3c49c9fb0f3e3046a8b33047	4440.txt
George Meredith	4441	Vittoria — Volume 7	Vittoria-Volume-7_4441	fetched		179065	083b74fa851dcf07757a8fe22c3bf2cf3abdf10a3c41bf0ae571da786371fd71	4441.txt
George Meredith	4442	Vittoria — Volume 8	Vittoria-Volume-8_4442	fetched		195580	b7d301608ceb73b9a5beed0a1bbecaea1f5691dbdb9c6a34dd62ee40716bf454	4442.txt
George Meredith	4443	Vittoria — Complete	Vittoria-Complete_4443	unavailable				
George Meredith	4444	The Adventures of Harry Richmond — Volume 1	The-Adventures-of-Harry-Richmond-Volume-1_4444	fetched		165190	7f7c46555a5ed9bc24e33f6712d9fb6a3c587265580c7bf9f98b357fe4146adc	4444.txt
George Meredith	4445	The Adventures of Harry Richmond — Volume 2	The-Adventures-of-Harry-Richmond-Volume-2_4445	fetched		177335	0bdc8cf55ae272df097175f94f960de65b62d04243b2745693b8d805ed068f14	4445.txt
George Meredith	4446	The Adventures of Harry Richmond — Volume 3	The-Adventures-of-Harry-Richmond-Volume-3_4446	fetched		165359	5c0e3c445ff3883b5d20ea4618da062f2616339337d7938fe5a7b8afb860c5eb	4446.txt
George Meredith	4447	The Adventures of Harry Richmond — Volume 4	The-Adventures-of-Harry-Richmond-Volume-4_4447	fetched		164666	014c1dab5b563657d3c764b8509c735e7c50c7fdf6f07bcab902a1e80a8e03ff	4447.txt
George Meredith	4448	The Adventures of Harry Richmond — Volume 5	The-Adventures-of-Harry-Richmond-Volume-5_4448	fetched		183004	2d3cb0cf4e77e3cd48eff80d7870bfd8c718fa28e14bf8bb6cd65dcdf1134b2d	4448.txt
George Meredith	4449	The Adventures of Harry Richmond — Volume 6	The-Adventures-of-Harry-Richmond-Volume-6_4449	fetched		172349	81e3501685f5e4d203d19b175f8c6266da726c69d41aedb3289c86d833923e81	4449.txt
George Meredith	4450	The Adventures of Harry Richmond — Volume 7	The-Adventures-of-Harry-Richmond-Volume-7_4450	fetched		178242	e4f80ab236edd25d59c00533dd7460cfc546de17d307dc9aa895cdbc00da78ff	4450.txt
George Meredith	4451	The Adventures of Harry Richmond — Volume 8	The-Adventures-of-Harry-Richmond-Volume-8_4451	fetched		140442	8a720708023486d998c893aa78232e0dedb6244f868b3774d0a1ae320e6ddcf7	4451.txt
George Meredith	4452	The Adventures of Harry Richmond — Complete	The-Adventures-of-Harry-Richmond-Complete_4452	unavailable				
George Meredith	4453	Beauchamp's Career — Volume 1	Beauchamp-s-Career-Volume-1_4453	fetched		184044	4c09d988e30f4a857cc9d81e6d75dcf040f373d8f88f0a499366f6d6d6d55717	4453.txt
George Meredith	4454	Beauchamp's Career — Volume 2	Beauchamp-s-Career-Volume-2_4454	fetched		178759	92716715e558ef9bce654a8893b3ec47ee4f69dea3e2f905b68da1088ec320d4	4454.txt
George Meredith	4455	Beauchamp's Career — Volume 3	Beauchamp-s-Career-Volume-3_4455	fetched		189430	e026b0abb503705266ffe32141db831b201bdde91c6ade5fbb142d1abe2b2c34	4455.txt
George Meredith	4456	Beauchamp's Career — Volume 4	Beauchamp-s-Career-Volume-4_4456	fetched		192636	540a0744cb283d964ed6981e67c82338d79ce8bf344c725e1e4386e37634ff01	4456.txt
George Meredith	4457	Beauchamp's Career — Volume 5	Beauchamp-s-Career-Volume-5_4457	fetched		169439	5df6859a4297e03768a7eed56c790297767c02a609b72ad5131abf51ccc3187a	4457.txt
George Meredith	4458	Beauchamp's Career — Volume 6	Beauchamp-s-Career-Volume-6_4458	fetched		200239	f01ccc31c88ebce898add5f4c589da6ef0c6c962471b6f90fc742740482f7b8b	4458.txt
George Meredith	4459	Beauchamp's Career — Volume 7	Beauchamp-s-Career-Volume-7_4459	fetched		124179	4f712926f81149e5ab8b0cfb4e2a163933ac30deee4a5d4a715a2826ee0c5844	4459.txt
George Meredith	4460	Beauchamp's Career — Complete	Beauchamp-s-Career-Complete_4460	unavailable				
George Meredith	4461	The Tragic Comedians: A Study in a Well-known Story — Volume 1	The-Tragic-Comedians-A-Study-in-a-Well-known-Story-Volume-1_4461	fetched		136016	c2248c5f62079819f0ca8014f6f223c987e9d416d5e29d0dc2495a74e9dba89a	4461.txt
George Meredith	4462	The Tragic Comedians: A Study in a Well-known Story — Volume 2	The-Tragic-Comedians-A-Study-in-a-Well-known-Story-Volume-2_4462	fetched		128200	f41a5d030b9bd245498f971c91b63a4362f247e0d5f4628458b95c91c2e8ce87	4462.txt
George Meredith	4463	The Tragic Comedians: A Study in a Well-known Story — Volume 3	The-Tragic-Comedians-A-Study-in-a-Well-known-Story-Volume-3_4463	fetched		131383	f7ae89716f04e34b54b21aacf849e4e55a803fe414bbe23a01d264a2f20054f4	4463.txt
George Meredith	4464	The Tragic Comedians: A Study in a Well-known Story — Complete	The-Tragic-Comedians-A-Study-in-a-Well-known-Story-Complete_4464	unavailable				
George Meredith	4465	Diana of the Crossways — Volume 1	Diana-of-the-Crossways-Volume-1_4465	fetched		210811	ea662c250e0b0ab5756dc1da499b1566f1fdebfd797190f7e0b2b7e590d75ae5	4465.txt
George Meredith	4466	Diana of the Crossways — Volume 2	Diana-of-the-Crossways-Volume-2_4466	fetched		197584	b2ef92f34cc0f78a49cefd9106cdd92b098ac50e7923a7696ca77d7172b394fb	4466.txt
George Meredith	4467	Diana of the Crossways — Volume 3	Diana-of-the-Crossways-Volume-3_4467	fetched		197492	08924fb9138c5bb6c989ad6fe3c97271a6fa01adc0ce2ddc27736d9b5df62e97	4467.txt
George Meredith	4468	Diana of the Crossways — Volume 4	Diana-of-the-Crossways-Volume-4_4468	fetched		190617	40a4d286a9f727f0dc7414d3899ee11d88fa4ce05adb2f4182913eca0e6903f3	4468.txt
George Meredith	4469	Diana of the Crossways — Volume 5	Diana-of-the-Crossways-Volume-5_4469	fetched		186069	d630038cab5d4b341c54376e7b95fd0e6fc0f4e75f15eb0d14343a28e3fe0b58	4469.txt
George Meredith	4470	Diana of the Crossways — Complete	Diana-of-the-Crossways-Complete_4470	unavailable				
George Meredith	4471	One of Our Conquerors — Volume 1	One-of-Our-Conquerors-Volume-1_4471	fetched		241353	d1c5da6ad100536d21b58cacb8228b053369d2eafed4fa05cae074b4f02570ce	4471.txt
George Meredith	4472	One of Our Conquerors — Volume 2	One-of-Our-Conquerors-Volume-2_4472	fetched		167036	bbceccc63c647574e0fea19e555474405705150ea43c11fffb73baf93cdb52aa	4472.txt
George Meredith	4473	One of Our Conquerors — Volume 3	One-of-Our-Conquerors-Volume-3_4473	fetched		197862	fbe3d0de284fb0c7d281806d224bd614528973ee49ce2e90df7783cb46fb8291	4473.txt
George Meredith	4474	One of Our Conquerors — Volume 4	One-of-Our-Conquerors-Volume-4_4474	fetched		236986	373dd9ec370e8f6321e7da89836c6913b424e33529f26b668de51b3822e10d61	4474.txt
George Meredith	4475	One of Our Conquerors — Volume 5	One-of-Our-Conquerors-Volume-5_4475	fetched		185286	e5e05fea4a567a0394f0da43b2ed2a35059356e84ae7cf55db74d3ee3c88e718	4475.txt
George Meredith	4476	One of Our Conquerors — Complete	One-of-Our-Conquerors-Complete_4476	unavailable				
George Meredith	4477	Lord Ormont and His Aminta — Volume 1	Lord-Ormont-and-His-Aminta-Volume-1_4477	fetched		162011	1b15d2af7abe2dbd5ff77df90daaaac63192dae8705609b9b7b5f0bc804bfb4a	4477.txt
George Meredith	4478	Lord Ormont and His Aminta — Volume 2	Lord-Ormont-and-His-Aminta-Volume-2_4478	fetched		124602	c96c0e8eb029c24fa2fe55ba7864faef259c849db92fe48dc064d19cd6290084	4478.txt
George Meredith	4479	Lord Ormont and His Aminta — Volume 3	Lord-Ormont-and-His-Aminta-Volume-3_4479	fetched		130010	6ff68d0f1a643362c9804ef0233521b85bc74795a604ce154ad0b380585a1235	4479.txt
George Meredith	4480	Lord Ormont and His Aminta — Volume 4	Lord-Ormont-and-His-Aminta-Volume-4_4480	fetched		141661	a6316cf4f8aed89a9a6b4c856d8ab620908b89df45c335591303acf59aa9dfbe	4480.txt
George Meredith	4481	Lord Ormont and His Aminta — Volume 5	Lord-Ormont-and-His-Aminta-Volume-5_4481	fetched		152442	18e8c2872159b7ca85e1d1fafeaae301feae61463f9c5dfbe7e764b76e3b2c9c	4481.txt
George Meredith	4482	Lord Ormont and His Aminta — Complete	Lord-Ormont-and-His-Aminta-Complete_4482	unavailable				
George Meredith	4483	The Amazing Marriage — Volume 1	The-Amazing-Marriage-Volume-1_4483	fetched		202592	8ebc71af09feeacc0214314b637d917052e44c536862404949c470aeda4c160d	4483.txt
George Meredith	4484	The Amazing Marriage — Volume 2	The-Amazing-Marriage-Volume-2_4484	fetched		195643	8f3758c64195fab336a6903af99aef537c13287392d056c5855c3b6740a54664	4484.txt
George Meredith	4485	The Amazing Marriage — Volume 3	The-Amazing-Marriage-Volume-3_4485	fetched		181148	a7fcae14b6a4f3790983276f4e243de98ffab109541e3d9400b43047fd34abcb	4485.txt
George Meredith	4486	The Amazing Marriage — Volume 4	The-Amazing-Marriage-Volume-4_4486	fetched		190525	f4fdbb4cd3b1b1642ca19404aa719f4b0f87844dbf777e4e42e3ce3f34bc4fc9	4486.txt
George Meredith	4487	The Amazing Marriage — Volume 5	The-Amazing-Marriage-Volume-5_4487	fetched		220919	623b32cb458bc0cca51d8f8cf5569fb7d80a1715b579063296cd2ca43bb93a9e	4487.txt
George Meredith	4488	The Amazing Marriage — Complete	The-Amazing-Marriage-Complete_4488	unavailable				
George Meredith	4489	Celt and Saxon — Volume 1	Celt-and-Saxon-Volume-1_4489	fetched		195535	f83a129de10fc9770e02cbd69ec56fd3863032950bc1454e7345cbc9a1ae529b	4489.txt
George Meredith	4490	Celt and Saxon — Volume 2	Celt-and-Saxon-Volume-2_4490	fetched		226195	dc2e5abc5e07b342641ffb305d8dce853152f4be22d629db72c1946225ceb684	4490.txt
George Meredith	4491	Celt and Saxon — Complete	Celt-and-Saxon-Complete_4491	unavailable				
George Meredith	4492	Farina	Farina_4492	fetched		220787	97b6eb9b434d0aeb7f0d96124aaa4ba7043d470172f6b983a7cd0436504b324f	4492.txt
George Meredith	4493	The Case of General Ople and Lady Camper	The-Case-of-General-Ople-and-Lady-Camper_4493	fetched		131611	9e8a19bd34f15503781b797bf266f14402f63dda3d8584677873dc7a8a545647	4493.txt
George Meredith	4494	The Tale of Chloe: An Episode in the History of Beau Beamish	The-Tale-of-Chloe-An-Episode-in-the-History-of-Beau-Beamish_4494	fetched		148575	73ef15562d2726e22bfb0ad32b8a293019d9574e501a599c8a668a243ded51ec	4494.txt
George Meredith	4495	The House on the Beach: A Realistic Tale	The-House-on-the-Beach-A-Realistic-Tale_4495	fetched		200782	1135f7b04bc8cb6a9e2a3c9546564f5950b41307efe228051f18ec5c6041368b	4495.txt
George Meredith	4496	The Gentleman of Fifty and The Damsel of Nineteen (An early uncompleted fragment)	The-Gentleman-of-Fifty-and-The-Damsel-of-Nineteen-An-early-uncompleted-fragment_4496	fetched		96495	15d74c7905a111245a023b79fb52f7a0f5bf842547e673f49d16f45e1cf5a4a2	4496.txt
George Meredith	4497	The Sentimentalists	The-Sentimentalists_4497	fetched		62742	0fcbd9055cd0f3012b1be32dfee060cff2edb3d3805a859c458b34b7deeee290	4497.txt
George Meredith	4498	Miscellaneous Prose	Miscellaneous-Prose_4498	fetched		134359	af9370251171bf0246fc6425835518093af773549ee66ff8377cdf3829b72325	4498.txt
George Meredith	4499	Complete Short Works of George Meredith	Complete-Short-Works-of-George-Meredith_4499	fetched		1010877	53dcd700368631fd3bed684cb2bc7e96bd819791a5229905afdc1d4710e66d58	4499-0.txt
George Meredith	4500	Complete Project Gutenberg Works of George Meredith	Complete-Project-Gutenberg-Works-of-George-Meredith_4500	fetched		14957982	00c5ad4cb3d211467f0267ace5604e80bd4731e1a47387dde4c581277d0d7b76	4500.txt
George Meredith	4904	Quotations from the Project Gutenberg Editions of the Collected Works of George Meredith	Quotations-from-the-Project-Gutenberg-Editions-of-the-Collected-Works-of-George-Meredith_4904	fetched		272581	710559279c52f55bec9d34bb42aa08162e377286df669812d870f21a34cf09c8	4904.txt
George Meredith	7550	Quotes and Images From The Works of George Meredith	Quotes-and-Images-From-The-Works-of-George-Meredith_7550	fetched		106034	b4b98d9a07cc351c688d050c8c83bf86389e43732cae6db140e1c7dfd91486cf	7550.txt
George Meredith	28823	The Works of George Meredith: A Linked Index to the Project Gutenberg Editions	The-Works-of-George-Meredith-A-Linked-Index-to-the-Project-Gutenberg-Editions_28823	unavailable				
George Meredith	34858	The Ordeal of Richard Feverel: A History of a Father and Son	The-Ordeal-of-Richard-Feverel-A-History-of-a-Father-and-Son_34858	unavailable				
George Meredith	47225	Ballads and Poems of Tragic Life	Ballads-and-Poems-of-Tragic-Life_47225	fetched		123487	d8a47daee6515d301788a54793bad7e87d17d014f654ea24293d51d66ddfd7d4	47225-8.txt
George Meredith	63672	Poems and Lyrics of the Joy of Earth	Poems-and-Lyrics-of-the-Joy-of-Earth_63672	fetched		141077	9ebbe108f440caa552ae38b8d96a168cbc58a43a556a0488851d3063e4aae965	63672-0.txt
George Moore	4034	The Untilled Field	The-Untilled-Field_4034	fetched		554580	d7545f092cf66f9698765ccd16c94447f55508a731675b2e946b4a4476552cfb	4034.txt
George Moore	6005	Celibates	Celibates_6005	fetched		543795	87b22ea18afec550560879d9068004a9a311168e8b2e20062edd24fdecf28bc1	6005.txt
George Moore	6029	Spring Days	Spring-Days_6029	fetched		564348	e8523b1a309076cff55d6296d8a9244af8a804ddcbae7baac1dcfaf4ca5f5813	6029-0.txt
George Moore	7508	A Mummer's Wife	A-Mummer-s-Wife_7508	fetched		808531	e4f3e5f7eacb1fe44a7feb5c296a7701c4c1eb8fc9ce9a5f2886f1e616764310	7508-8.txt
George Moore	7789	Memoirs of My Dead Life	Memoirs-of-My-Dead-Life_7789	fetched		567049	66a3449af06c5e1a5f3236779306c184a936c56c651dc0badc2d108e2b012766	7789-8.txt
George Moore	8157	Esther Waters	Esther-Waters_8157	fetched		777457	924e2ea89de566a326806eb08f52e9da987b4a301540b37a682bb34ef38b6e3e	8157-8.txt
George Moore	8162	Modern Painting	Modern-Painting_8162	fetched		462498	f1ccb7f7a8a66a8686b25db6fd3490293d034ef230b38acb76c244d37fddab79	8162-8.txt
George Moore	11303	Vain Fortune: A Novel	Vain-Fortune-A-Novel_11303	unavailable				
George Moore	11304	The Lake	The-Lake_11304	fetched		436035	01653c2b356700839b15e3d4687f9d3c00e80d8f09568b2959b64719d323a88e	11304-8.txt
George Moore	11654	Confessions of a Young Man	Confessions-of-a-Young-Man_11654	fetched		369041	8af90a9eaba5a531abbc067553982695ffc9eed6c089e27bb790ca844aa16fd6	11654-8.txt
George Moore	11733	A Mere Accident	A-Mere-Accident_11733	fetched		290853	f9d523c7cee3531a00a264976a5b8518ccba9a805a5afded7119c7e7c6322f8e	11733-8.txt
George Moore	12278	Confessions of a Young Man	Confessions-of-a-Young-Man_12278	fetched		392432	c44747e67b7963485ab3c0a6134af4ba4e77d9a7adfa9ffd31ce75d0ec2612e0	12278-0.txt
George Moore	12821	The Brook Kerith: A Syrian story	The-Brook-Kerith-A-Syrian-story_12821	unavailable				
George Moore	13095	Journal of a Voyage across the Atlantic	Journal-of-a-Voyage-across-the-Atlantic_13095	unavailable				
George Moore	13201	Evelyn Innes	Evelyn-Innes_13201	fetched		1009028	4692608587dbcf9eae7a5557414a55a240ac16753b04a7fff1eeab14ff8d8c05	13201.txt
George Moore	14614	Sister Teresa	Sister-Teresa_14614	fetched		657684	e5e193cb55fa85c0d48c94a2aa1f001d1459e17b55726d309436a3ea5fa3a2bc	14614-8.txt
George Moore	14659	Muslin	Muslin_14659	fetched		574128	3d31da158eb8db77e01d4fd48e9c93adb5e519b92d10110a9f205a469ccea5e4	14659-8.txt
George Moore	16730	Mike Fletcher: A Novel	Mike-Fletcher-A-Novel_16730	unavailable				
Gustave Flaubert	1253	A Simple Soul	A-Simple-Soul_1253	fetched		90018	c45818fbb17f18fd8bbec714d65ffbba51dc2cb671e99c2c4564a17465fe2e8d	1253-0.txt
Gustave Flaubert	1290	Salammbo	Salammbo_1290	fetched		645642	6810f7f2af36ea6c71b7e8e0fb0042bf5bfec61a4ee704c70acd2d08c2a9bf31	1290-0.txt
Gustave Flaubert	1291	Herodias	Herodias_1291	fetched		99727	abb5e4d7cc9a5e6563e1341a67b01ecaf7a50ac9c989f251fd7332362a2cfd7b	1291-0.txt
Gustave Flaubert	2413	Madame Bovary	Madame-Bovary_2413	fetched		694672	eed993bd0fa82d5c6ea34ef7e78e01fa3d3bc7dbba88c45939f4738ce9e2a66e	2413-0.txt
Gustave Flaubert	10458	Three short works	Three-short-works_10458	unavailable				
Gustave Flaubert	14233	Over Strand and Field: A Record of Travel through Brittany	Over-Strand-and-Field-A-Record-of-Travel-through-Brittany_14233	unavailable				
Gustave Flaubert	21604	Three Short Works	Three-Short-Works_21604	unavailable				
Gustave Flaubert	25014	Bouvard and Pécuchet: A Tragi-comic Novel of Bourgeois Life, part 1	Bouvard-and-Pecuchet-A-Tragi-comic-Novel-of-Bourgeois-Life-part-1_25014	unavailable				
Gustave Flaubert	25053	The Temptation of St. Antony; Or, A Revelation of the Soul	The-Temptation-of-St-Antony-Or-A-Revelation-of-the-Soul_25053	unavailable				
Gustave Flaubert	27537	Sentimental Education; Or, The History of a Young Man. Volume 2	Sentimental-Education-Or-The-History-of-a-Young-Man-Volume-2_27537	unavailable				
Gustave Flaubert	27575	Madame Bovary: A Tale of Provincial Life, Vol. 1 (of 2)	Madame-Bovary-A-Tale-of-Provincial-Life-Vol-1-of-2_27575	unavailable				
Gustave Flaubert	34828	Sentimental Education; Or, The History of a Young Man. Volume 1	Sentimental-Education-Or-The-History-of-a-Young-Man-Volume-1_34828	unavailable				
Gustave Flaubert	46909	Bouvard and Pécuchet: A Tragi-comic Novel of Bourgeois Life, part 2	Bouvard-and-Pecuchet-A-Tragi-comic-Novel-of-Bourgeois-Life-part-2_46909	unavailable				
Gustave Flaubert	52225	The Temptation of St. Anthony	The-Temptation-of-St-Anthony_52225	fetched		331682	38304137e2c9a7fb1d8d23dfafdd7703b7a4030fd9401f5ea1b3ca4fbe029168	52225.txt
Gustave Flaubert	59507	Index of the Project Gutenberg Works of Gustave Flaubert	Index-of-the-Project-Gutenberg-Works-of-Gustave-Flaubert_59507	fetched		29421	9c286b5734c65d992378ab1d49a3a84acfccdb34a05d3a3712012df78db57248	59507-0.txt
Harold Acton	59125	Aquarium	Aquarium_59125	fetched		72798	c84cad6b26235b4146ccdd54c487cd108c9ad7b7e75690448b89e2a0a2e936b3	59125-0.txt
Harold Acton	67441	An Indian Ass	An-Indian-Ass_67441	fetched		89681	b5aa5b353e4b5e64d4121d115bbd97fde622170d3a7efb81632bdca6faa71b19	67441-0.txt
Herbert Spencer	5849	The Philosophy of Style	The-Philosophy-of-Style_5849	fetched		93586	043e8543d8f82510e0f8d1253e14f8befd3575075c00e6768e53d2287d7744d7	5849.txt
Herbert Spencer	16510	Essays on Education and Kindred Subjects	Essays-on-Education-and-Kindred-Subjects_16510	unavailable				
Herbert Spencer	28909	The Philosophy of Style	The-Philosophy-of-Style_28909	unavailable				
Herbert Spencer	29869	Essays: Scientific, Political, & Speculative; Vol. 1 of 3	Essays-Scientific-Political-Speculative-Vol-1-of-3_29869	unavailable				
Herbert Spencer	34649	The Right to Ignore the State	The-Right-to-Ignore-the-State_34649	fetched		49246	f6cc38518ad3cb66535bab5bc6b0fd2dbcc5e4630b861f74a55dbd22a7acf008	34649.txt
Herbert Spencer	39977	Illustrations of Universal Progress: A Series of Discussions	Illustrations-of-Universal-Progress-A-Series-of-Discussions_39977	unavailable				
Herbert Spencer	46129	The Data of Ethics	The-Data-of-Ethics_46129	fetched		601605	606d58e98b7a5b9505a3d17c559c304f5812754a453497bc78b4c3ed89eebaf0	46129.txt
Herbert Spencer	52801	The Factors of Organic Evolution	The-Factors-of-Organic-Evolution_52801	fetched		189267	41ba09b4684b84bbe4f8ecac35535260df63e18709c7315239d0342e80295c7c	52801-0.txt
Herbert Spencer	53395	Essays: Scientific, Political, & Speculative; Vol. 2 of 3	Essays-Scientific-Political-Speculative-Vol-2-of-3_53395	unavailable				
Herbert Spencer	54076	Essays: Scientific, Political, & Speculative; Vol. 3 of 3	Essays-Scientific-Political-Speculative-Vol-3-of-3_54076	unavailable				
Herbert Spencer	54612	The Principles of Biology, Volume 1 (of 2)	The-Principles-of-Biology-Volume-1-of-2_54612	fetched		1572927	c9ccd9928acfaac3e64f8ca861e0b2e99c1b96eb8b4e8c1c7e8cf1b1ea8ebe8f	54612-8.txt
Herbert Spencer	55046	First Principles	First-Principles_55046	fetched		1077486	740028c9d03de6faed5c3ba33e236bc714c8f5f8bb9bfbc2826651fe12709022	55046-0.txt
Herbert Spencer	59393	Index of the Project Gutenberg Works of Herbert Spencer	Index-of-the-Project-Gutenberg-Works-of-Herbert-Spencer_59393	fetched		27501	545c768d78440423872620fabbc0272bafb10324c392fedabb6c8a45917093b9	59393-0.txt
Herbert Spencer	67282	The Principles of Biology, Volume 2 (of 2)	The-Principles-of-Biology-Volume-2-of-2_67282	fetched		1468617	7b794c02074b2a5d1c43f5b021fa8248e0036c81c3720cb26e5a9b769a1a9275	67282-0.txt
Hermann Hesse	2500	Siddhartha	Siddhartha_2500	fetched		241213	95758693bbeb0774777f8462c388c1e3f9adeffdf656001894b67264b8491b7e	2500-8.txt
Hermann Hesse	58344	Siddhartha: A Poem of India	Siddhartha-A-Poem-of-India_58344	fetched		261425	306da78a6808964551d10877716d6a6454d63f58d527afa810494f551951ec60	58344-0.txt
Horace Smith	3769	Rejected Addresses; Or, The New Theatrum Poetarum	Rejected-Addresses-Or-The-New-Theatrum-Poetarum_3769	fetched		213276	55b3b7cc1bee35d18508cff9b2613cf3ac88cefbc6a66916cc37df099d81a6d5	3769-0.txt
Horace Smith	17065	Interludes	Interludes_17065	unavailable				
Irwin Edman	22306	Human Traits and their Social Significance	Human-Traits-and-their-Social-Significance_22306	fetched		1037870	b02fc4357ccc5a701b73e6917fc34bf8c1ae063e01a4565be64e45a0193e6877	22306.txt
James Baker	53904	Slavery	Slavery_53904	fetched		65901	c95675e09bc0ec44906e19287b3f9c15a706a7969766f46e79ba83aa23141dfd	53904.txt
James Hall	30763	Am I Still There?	Am-I-Still-There_30763	unavailable				
James Mackintosh	29372	A Discourse on the Study of the Law of Nature and Nations	A-Discourse-on-the-Study-of-the-Law-of-Nature-and-Nations_29372	fetched		119378	ca8da090114f00101030cec4ba6747b96764dca013dc79c4ed2a8dd694092379	29372.txt
James Norman Hall	19655	Kitchener's Mob: Adventures of an American in the British Army	Kitchener-s-Mob-Adventures-of-an-American-in-the-British-Army_19655	unavailable				
James Norman Hall	24570	High Adventure: A Narrative of Air Fighting in France	High-Adventure-A-Narrative-of-Air-Fighting-in-France_24570	unavailable				
James Norman Hall	54479	Faery Lands of the South Seas	Faery-Lands-of-the-South-Seas_54479	fetched		596769	55f9af279ce4590a1662bcddc74fa96cb38189c4d2f08227c03ac7fa413e128c	54479-0.txt
James Norman Hall	56457	Faery Lands of the South Seas	Faery-Lands-of-the-South-Seas_56457	fetched		590228	9ad33e99814749d9b6d28a759f53f3954dcbb13cda3e624a0792eef9144e5e05	56457-0.txt
James Otis	4293	Neal, the Miller: A Son of Liberty	Neal-the-Miller-A-Son-of-Liberty_4293	unavailable				
James Otis	5882	A District Messenger Boy, and A Necktie Party	A-District-Messenger-Boy-and-A-Necktie-Party_5882	fetched		120719	36cf5d6705ee031093aedd2df8d2b46e27c5659457560befbca5e399f73496d9	5882.txt
James Otis	7465	Richard of Jamestown : a Story of the Virginia Colony	Richard-of-Jamestown-a-Story-of-the-Virginia-Colony_7465	unavailable				
James Otis	7478	Toby Tyler; Or, Ten Weeks with a Circus	Toby-Tyler-Or-Ten-Weeks-with-a-Circus_7478	unavailable				
James Otis	10086	The Minute Boys of the Mohawk Valley	The-Minute-Boys-of-the-Mohawk-Valley_10086	fetched		496825	df35a78aec429d5fb1e859257f8c8d70702e7785faae1a1f28d2a4cbb43028df	10086-8.txt
James Otis	21268	The Search for the Silver City: A Tale of Adventure in Yucatan	The-Search-for-the-Silver-City-A-Tale-of-Adventure-in-Yucatan_21268	unavailable				
James Otis	23627	Messenger No. 48	Messenger-No-48_23627	unavailable				
James Otis	24251	Left Behind; Or, Ten Days a Newsboy	Left-Behind-Or-Ten-Days-a-Newsboy_24251	unavailable				
James Otis	27702	Mr. Stubbs's Brother	Mr-Stubbs-s-Brother_27702	unavailable				
James Otis	27984	Ralph Gurney's Oil Speculation	Ralph-Gurney-s-Oil-Speculation_27984	fetched		428697	c8c3fa2d3f2b431a3931e85025bcf0f2ee5b602b36b14a1830bc3a518a151b45	27984-8.txt
James Otis	28697	Down the Slope	Down-the-Slope_28697	fetched		412019	444d76426793b7f0191a1a8e46d21e51f4e4bd7b923e4a96a1a6832acbd668a3	28697-8.txt
James Otis	30684	The Boys of '98	The-Boys-of-98_30684	fetched		577654	8a0927ef375f1815c4f3e136d5da41b60be512e190af76272bc05abc237dc5d9	30684-0.txt
James Otis	31265	Aunt Hannah and Seth	Aunt-Hannah-and-Seth_31265	fetched		141777	dd38c5e6d6f8a8d274526ac1e01f63b62d083112c22df85fff8e23b1190281f9	31265.txt
James Otis	31555	Under the Liberty Tree: A Story of The 'Boston Massacre'	Under-the-Liberty-Tree-A-Story-of-The-Boston-Massacre_31555	unavailable				
James Otis	31556	Dick in the Desert	Dick-in-the-Desert_31556	fetched		120746	7bfce5c2dd53770aae3c588ea0c23fcf1fd904969c8ee8253ed7640c14c713f9	31556-8.txt
James Otis	32249	The Princess and Joe Potter	The-Princess-and-Joe-Potter_32249	fetched		321587	b3df2374dec4818a89e5ec6ae1dc583aae67cf695ed86f4c371011c2ed90e0ee	32249-8.txt
James Otis	32393	Toby Tyler; Or, Ten Weeks with a Circus	Toby-Tyler-Or-Ten-Weeks-with-a-Circus_32393	unavailable				
James Otis	32555	The Club at Crow's Corner	The-Club-at-Crow-s-Corner_32555	fetched		213336	ffaacc1722e4b441d78ea58c12e5010dd1d045086f6c9fb9cb9af324cdc91a01	32555.txt
James Otis	32648	The Minute Boys of York Town	The-Minute-Boys-of-York-Town_32648	fetched		551383	1913d3c9e925e4bc1da4967a825010992ad357b648cd02e9b595f564a149b369	32648.txt
James Otis	32678	Commodore Barney's Young Spies	Commodore-Barney-s-Young-Spies_32678	unavailable				
James Otis	32723	The Minute Boys of Boston	The-Minute-Boys-of-Boston_32723	fetched		552931	a2329ac34bd1d56d594cdb9da243544d5ffa8e7af7d80839f52a7b7f0d421218	32723.txt
James Otis	33110	Corporal 'Lige's Recruit: A Story of Crown Point and Ticonderoga	Corporal-Lige-s-Recruit-A-Story-of-Crown-Point-and-Ticonderoga_33110	unavailable				
James Otis	33242	An Amateur Fireman	An-Amateur-Fireman_33242	fetched		420165	1dfc3c3620b03888acb4fa1172f78c7e1b68b5ef330f94f0cef3c1d98f6ce6d9	33242-8.txt
James Otis	33890	On the Kentucky Frontier: A Story of the Fighting Pioneers of the West	On-the-Kentucky-Frontier-A-Story-of-the-Fighting-Pioneers-of-the-West_33890	unavailable				
James Otis	34558	Defending the Island: A story of Bar Harbor in 1758	Defending-the-Island-A-story-of-Bar-Harbor-in-1758_34558	unavailable				
James Otis	34799	A Runaway Brig; Or, An Accidental Cruise	A-Runaway-Brig-Or-An-Accidental-Cruise_34799	unavailable				
James Otis	35046	Teddy and Carrots: Two Merchants of Newpaper Row	Teddy-and-Carrots-Two-Merchants-of-Newpaper-Row_35046	unavailable				
James Otis	37647	The Adventures of a Country Boy at a Country Fair	The-Adventures-of-a-Country-Boy-at-a-Country-Fair_37647	fetched		366272	02dd015d75617666df78045b98b87e28c148a11ebb5929dce40d880f31a95a9a	37647.txt
James Otis	41708	Jack the Hunchback: A Story of Adventure on the Coast of Maine	Jack-the-Hunchback-A-Story-of-Adventure-on-the-Coast-of-Maine_41708	unavailable				
James Otis	41997	The Light Keepers: A Story of the United States Light-house Service	The-Light-Keepers-A-Story-of-the-United-States-Light-house-Service_41997	unavailable				
James Otis	42327	Peter of New Amsterdam: A Story of Old New York	Peter-of-New-Amsterdam-A-Story-of-Old-New-York_42327	unavailable				
James Otis	43420	Off Santiago with Sampson	Off-Santiago-with-Sampson_43420	fetched		136920	dc532e4d65ed08229e1eab2583db292f269d0e13ec6eb4dee968b85ce7b16498	43420-8.txt
James Otis	43714	The Boy Spies with the Regulators	The-Boy-Spies-with-the-Regulators_43714	fetched		339985	3c2ccc83966c84339a59ccafe54161aa980228b09bb74dc6e5be1b363da6e419	43714.txt
James Otis	43766	With Porter in the Essex	With-Porter-in-the-Essex_43766	unavailable				
James Otis	43806	Sarah Dillard's Ride: A Story of the Carolinas in 1780	Sarah-Dillard-s-Ride-A-Story-of-the-Carolinas-in-1780_43806	unavailable				
James Otis	43897	Antoine of Oregon: A Story of the Oregon Trail	Antoine-of-Oregon-A-Story-of-the-Oregon-Trail_43897	unavailable				
James Otis	43961	The Life Savers: A story of the United States life-saving service	The-Life-Savers-A-story-of-the-United-States-life-saving-service_43961	unavailable				
James Otis	44100	Ruth of Boston: A Story of the Massachusetts Bay Colony	Ruth-of-Boston-A-Story-of-the-Massachusetts-Bay-Colony_44100	unavailable				
James Otis	44600	Martha of California: A Story of the California Trail	Martha-of-California-A-Story-of-the-California-Trail_44600	unavailable				
James Otis	44616	Mary of Plymouth: A Story of the Pilgrim Settlement	Mary-of-Plymouth-A-Story-of-the-Pilgrim-Settlement_44616	unavailable				
James Otis	44651	With the Swamp Fox: A Story of General Marion's Young Spies	With-the-Swamp-Fox-A-Story-of-General-Marion-s-Young-Spies_44651	unavailable				
James Otis	44724	The Boy Spies of Philadelphia	The-Boy-Spies-of-Philadelphia_44724	unavailable				
James Otis	48344	Benjamin of Ohio: A Story of the Settlement of Marietta	Benjamin-of-Ohio-A-Story-of-the-Settlement-of-Marietta_48344	fetched		177925	6088233021fce596fdb9a3e7cceab1b2562e345c0186606fee2e87c4d446e5cc	48344.txt
James Otis	48571	Philip of Texas: A Story of Sheep Raising in Texas	Philip-of-Texas-A-Story-of-Sheep-Raising-in-Texas_48571	fetched		165703	a295d2129fbfd10814ff5f75b1e74d7b82ef5f237005e799c68ec045b3b271f5	48571-8.txt
James Otis	55074	The Cruise of the Sally D	The-Cruise-of-the-Sally-D_55074	fetched		357221	8ce6e822eb2889b07d577b2ea7289c878a3148f7a8b536f4aa34430a1df35fe7	55074-0.txt
James Otis	55151	The Armed Ship America; Or, When We Sailed from Salem	The-Armed-Ship-America-Or-When-We-Sailed-from-Salem_55151	fetched		222362	a3e816c6f422f6368aea3f693167ed3dad5be652050ddb6e7312ab6f2d8e252b	55151-0.txt
James Otis	63561	Wrecked on Spider Island; Or, How Ned Rogers Found the Treasure	Wrecked-on-Spider-Island-Or-How-Ned-Rogers-Found-the-Treasure_63561	fetched		348479	95f6b80b9f1725fae93cbcbba432cd51c20d4cfc18e629dfead0bb857cc38f2e	63561-0.txt
James Otis	64070	The Secret Chart; or, Treasure Hunting in Hayti	The-Secret-Chart-or-Treasure-Hunting-in-Hayti_64070	fetched		377900	6866519f853846493d1e72bf08f02f956533184e34f85c3823ec74356e4ceeb5	64070-0.txt
James Otis	67880	With Perry on Lake Erie: a tale of 1812	With-Perry-on-Lake-Erie-a-tale-of-1812_67880	fetched		397942	c242aec13df922fbe3e1b24748edaaf5716be4e2a3c86c25fc1b6946bcfc1255	67880-0.txt
Jean Toomer	24576	An Interpretation of Friends Worship	An-Interpretation-of-Friends-Worship_24576	fetched		87257	a3d7b1bab382e62f9e0d4991a45db6acfafc8d42f118ad00bbc78e317c7e1962	24576.txt
Jean Toomer	60093	Cane	Cane_60093	fetched		264325	a3db9314e8bbfce6cc442fbd39a48c8b7e07cbe01ca76f47fb24c2659733e257	60093-0.txt
John Abercrombie	22364	The Philosophy of the Moral Feelings	The-Philosophy-of-the-Moral-Feelings_22364	fetched		368687	99a653c16e174f74ddcbcfb284d23b6a328c61f368ee3a7ea95d8c9820d98a6d	22364.txt
John Bacon	861	The Dominion of the Air: The Story of Aerial Navigation	The-Dominion-of-the-Air-The-Story-of-Aerial-Navigation_861	unavailable				
Katherine Mansfield	1429	The Garden Party, and Other Stories	The-Garden-Party-and-Other-Stories_1429	fetched		352874	44162d523960693aaab52bc95b21c210d0d9a5c2236ef0ae24f08eb9470c0d1e	1429-0.txt
Katherine Mansfield	1472	In a German Pension	In-a-German-Pension_1472	fetched		199703	caf80e3593e4e074177ab9b6fc190cfcf468a3f9ee3f3a2589244f792467fdb3	1472-0.txt
Katherine Mansfield	20267	At The Bay	At-The-Bay_20267	unavailable				
Katherine Mansfield	26463	The Garden Party, and Other Stories	The-Garden-Party-and-Other-Stories_26463	unavailable				
Katherine Mansfield	44385	Bliss, and Other Stories	Bliss-and-Other-Stories_44385	fetched		383422	65fb415afcfc322aa5a32678405b2570468c3ce9b023e5d4eb9f49a8fcb1c7e4	44385.txt
Katherine Mansfield	59276	Poems	Poems_59276	fetched		90542	4ad4c64755d9603aac512371a6e683d61e0eee037a42103b922c4bfe9b583eb6	59276-0.txt
Katherine Mansfield	66871	The Doves' Nest, and Other Stories	The-Doves-Nest-and-Other-Stories_66871	fetched		288714	9eb12ebf912bf2a2bceff3e03a97e1fd361ec61c53e6884dcca7220a5f285a2f	66871-0.txt
Leonard Woolf	60239	Stories of the East	Stories-of-the-East_60239	fetched		97897	ecece348b33e24594bbddd61cfa28eef4785a2f1a71485966ed7b21d6bee9e5d	60239-0.txt
Leonard Woolf	60627	The Village in the Jungle	The-Village-in-the-Jungle_60627	fetched		389851	40368aeeafd700edd98f1f4c494631594ac0fc117db32dd4bb1f65999ac59ff6	60627-0.txt
Louis Agassiz	6078	Louis Agassiz: His Life and Correspondence	Louis-Agassiz-His-Life-and-Correspondence_6078	fetched		986552	605592654a2fe84d791add113a3f1431db58774ae9ed392b97e8b172c1e67d35	6078.txt
Louis Agassiz	56171	A Journey in Brazil	A-Journey-in-Brazil_56171	fetched		1059534	4d657cda86daf2180b6df31768d435330ba2493c933ac1840359352255b9ef70	56171-0.txt
Louisa May Alcott	163	Flower Fables	Flower-Fables_163	fetched		212795	b79a79f3bfea17e8ca8c23022592f0fb98ee3ce6b332a6cffaf83795f01726f6	163.txt
Louisa May Alcott	514	Little Women	Little-Women_514	fetched		1053468	3399cd9ad757cb7891e8e9b48f97f6bec96ef9bb9beeb0304da9776d1d5fc9a1	514-8.txt
Louisa May Alcott	2726	Eight Cousins	Eight-Cousins_2726	fetched		424825	4d7ca0e675a90a00e0873fce60839157edf96615615bb3165038626310286c5a	2726-0.txt
Louisa May Alcott	2786	Jack and Jill	Jack-and-Jill_2786	fetched		533422	2d1100d97f95cf292a6f2c07d727bf810d8b8775efc95c4dd21b88e221ea5a5b	2786-0.txt
Louisa May Alcott	2787	An Old-Fashioned Girl	An-Old-Fashioned-Girl_2787	fetched		588849	7a434014b99f749bc661d6a0110eeca0a913a86300984c2caa0b5f58d1c46a78	2787-0.txt
Louisa May Alcott	2788	Little Men: Life at Plumfield With Jo's Boys	Little-Men-Life-at-Plumfield-With-Jo-s-Boys_2788	unavailable				
Louisa May Alcott	2804	Rose in Bloom	Rose-in-Bloom_2804	unavailable				
Louisa May Alcott	3499	Jo's Boys	Jo-s-Boys_3499	fetched		572543	1a5b347bb9b98550053361a9d0416e001f6de0bf95e3ed2ee74b61cdea3cb808	3499-0.txt
Louisa May Alcott	3795	Under the Lilacs	Under-the-Lilacs_3795	fetched		468704	8ac68e924555dc950f85e38e3d367b24bf2379be1f37dde2e61827a28e1c1997	3795.txt
Louisa May Alcott	3806	A Modern Cinderella; Or, The Little Old Shoe, and Other Stories	A-Modern-Cinderella-Or-The-Little-Old-Shoe-and-Other-Stories_3806	unavailable				
Louisa May Alcott	3837	Hospital Sketches	Hospital-Sketches_3837	fetched		192451	df8191752b92e3132e3d01c0bccd6d052e79554ccceb4e3b71ac6446d03b1a37	3837-0.txt
Louisa May Alcott	4770	Work: A Story of Experience	Work-A-Story-of-Experience_4770	fetched		677290	c8f6467f598638b12353d2ee2c86390fe53adf3206e4d80c7ec5843114117a60	4770.txt
Louisa May Alcott	4960	On Picket Duty, and Other Tales	On-Picket-Duty-and-Other-Tales_4960	fetched		194522	3ac8aa833dcaafe2c19370c991c7e1cc4b83c452ca065010d70d29918cf1329e	4960-0.txt
Louisa May Alcott	5352	Marjorie's Three Gifts	Marjorie-s-Three-Gifts_5352	fetched		64464	233325dad24d7100912e99579f469c448023901dc31698355e400ffb2404ae9e	5352-0.txt
Louisa May Alcott	5830	A Garland for Girls	A-Garland-for-Girls_5830	fetched		413278	c459af0e35ad6c120f25cb0da482d940dd8ceee6f583340af20f5334433b5837	5830-0.txt
Louisa May Alcott	7425	The Louisa Alcott Reader: a Supplementary Reader for the Fourth Year of School	The-Louisa-Alcott-Reader-a-Supplementary-Reader-for-the-Fourth-Year-of-School_7425	unavailable				
Louisa May Alcott	8188	The Mysterious Key and What It Opened	The-Mysterious-Key-and-What-It-Opened_8188	fetched		128860	dfc563b8f1f9afe2b79cb2249598d14471513d098dd0ccc653d678be7f46016c	8188.txt
Louisa May Alcott	8384	Pauline's Passion and Punishment	Pauline-s-Passion-and-Punishment_8384	fetched		115144	0b7ead5386e031cf4045d33a02e7d4e4b0a6f48dd395b8c6dbd194975bb620bf	8384-0.txt
Louisa May Alcott	8677	Behind a Mask; or, a Woman's Power	Behind-a-Mask-or-a-Woman-s-Power_8677	unavailable				
Louisa May Alcott	8694	The Abbot's Ghost, or Maurice Treherne's Temptation: A Christmas Story	The-Abbot-s-Ghost-or-Maurice-Treherne-s-Temptation-A-Christmas-Story_8694	unavailable				
Louisa May Alcott	10360	Kitty's Class Day and Other Stories	Kitty-s-Class-Day-and-Other-Stories_10360	fetched		451596	a989fdd7241ddf53b8a4ad017d416d14de35b9bb254e3053d719b57e5a4cce90	10360-8.txt
Louisa May Alcott	22022	Aunt Jo's Scrap Bag, Volume 2	Aunt-Jo-s-Scrap-Bag-Volume-2_22022	unavailable				
Louisa May Alcott	22234	Aunt Jo's Scrap Bag, Volume 5	Aunt-Jo-s-Scrap-Bag-Volume-5_22234	unavailable				
Louisa May Alcott	22451	Jack and Jill	Jack-and-Jill_22451	unavailable				
Louisa May Alcott	22787	Little Men	Little-Men_22787	unavailable				
Louisa May Alcott	25165	The Candy Country	The-Candy-Country_25165	fetched		81192	21a1dd587a6074f4071e68852f9e386f3399037e7c1a5834f6cfc2c9e8b078e1	25165-8.txt
Louisa May Alcott	26041	Aunt Jo's Scrap Bag, Volume 1	Aunt-Jo-s-Scrap-Bag-Volume-1_26041	unavailable				
Louisa May Alcott	26297	Little Women	Little-Women_26297	unavailable				
Louisa May Alcott	27567	Aunt Jo's Scrap Bag, Volume 6	Aunt-Jo-s-Scrap-Bag-Volume-6_27567	unavailable				
Louisa May Alcott	28203	Moods	Moods_28203	fetched		504790	2439f960622e433116fca0d55ce36461cec8fdc3cfb9075baafd0faf587d45ad	28203-8.txt
Louisa May Alcott	28218	Three Unpublished Poems	Three-Unpublished-Poems_28218	fetched		36540	e9c1dff9c9730b69fa8e6ea771a2ce462d68ccbcd3d8bc27188662bb090236bc	28218.txt
Louisa May Alcott	32357	Lulu's Library, Volume 2 (of 3)	Lulu-s-Library-Volume-2-of-3_32357	unavailable				
Louisa May Alcott	33986	Comic Tragedies	Comic-Tragedies_33986	unavailable				
Louisa May Alcott	34920	Silver Pitchers: and Independence, a Centennial Love Story	Silver-Pitchers-and-Independence-a-Centennial-Love-Story_34920	unavailable				
Louisa May Alcott	36221	Spinning-Wheel Stories	Spinning-Wheel-Stories_36221	fetched		426709	a25814e22b421b36c15d642c9ce31e06c2dff4065e5d00d5f0a7fbe0e83dc246	36221-8.txt
Louisa May Alcott	37106	Little Women; Or, Meg, Jo, Beth, and Amy	Little-Women-Or-Meg-Jo-Beth-and-Amy_37106	unavailable				
Louisa May Alcott	37807	Mountain-Laurel and Maidenhair	Mountain-Laurel-and-Maidenhair_37807	fetched		78124	5c0d72db65e9b3712bfac4704d87c385cd9077dceb65eaa004c7bf243933c233	37807.txt
Louisa May Alcott	37981	May Flowers	May-Flowers_37981	fetched		86899	bc41cd90327a3c888b9810f06a132e25501c2176c42a4f3af4d374e697879583	37981-8.txt
Louisa May Alcott	38049	Louisa May Alcott : Her Life, Letters, and Journals	Louisa-May-Alcott-Her-Life-Letters-and-Journals_38049	unavailable				
Louisa May Alcott	38567	Eight Cousins; Or, The Aunt-Hill	Eight-Cousins-Or-The-Aunt-Hill_38567	unavailable				
Louisa May Alcott	40682	Lulu's Library, Volume 1 (of 3)	Lulu-s-Library-Volume-1-of-3_40682	unavailable				
Louisa May Alcott	40683	Lulu's Library, Volume 3 (of 3)	Lulu-s-Library-Volume-3-of-3_40683	unavailable				
Louisa May Alcott	41127	Rose in Bloom	Rose-in-Bloom_41127	unavailable				
Louisa May Alcott	52900	Little Men: Life at Plumfield with Jo's Boys	Little-Men-Life-at-Plumfield-with-Jo-s-Boys_52900	fetched		608694	823c328cad0f240eaf2d0613c64f973421de7a6ed8ac21014adfc26e2782f6bf	52900-0.txt
Louisa May Alcott	54212	A Modern Mephistopheles, and A Whisper in the Dark	A-Modern-Mephistopheles-and-A-Whisper-in-the-Dark_54212	fetched		439756	fee7ce609278ba3481866936ffe4f1349dd9fa046dc2b9936ef1301de929f1c7	54212-0.txt
Louisa May Alcott	57309	Aunt Jo's Scrap-Bag, Volume 3	Aunt-Jo-s-Scrap-Bag-Volume-3_57309	unavailable				
Louisa May Alcott	57310	Aunt Jo's Scrap-Bag, Volume 4	Aunt-Jo-s-Scrap-Bag-Volume-4_57310	unavailable				
Louisa May Alcott	57321	Proverb Stories	Proverb-Stories_57321	fetched		547955	00326af49594e2d2b73fc48d71a8d9b24aa4be66f0c20d92033de4c522650eda	57321-0.txt
Louisa May Alcott	58158	Index of the Project Gutenberg Works of Louisa M. Alcott	Index-of-the-Project-Gutenberg-Works-of-Louisa-M-Alcott_58158	fetched		697939	a6020ea29913f884a1eb11af13e93d141e748771e1b05c89d3dc2eb43e83f2c8	58158-0.txt
Ludovic Halevy	3954	L'Abbe Constantin — Volume 1	L-Abbe-Constantin-Volume-1_3954	fetched		101711	b481ff8b2d6ac6d07e35c27a9222e18afbde4a987c0d82f2d4f6a0a567484905	3954.txt
Ludovic Halevy	3955	L'Abbe Constantin — Volume 2	L-Abbe-Constantin-Volume-2_3955	fetched		78697	ac93bdd482ba3590947e44b14c45fa9dc0f7486490d88af9c9369b1201dc228a	3955.txt
Ludovic Halevy	3956	L'Abbe Constantin — Volume 3	L-Abbe-Constantin-Volume-3_3956	fetched		95452	f8500424a5a9ac2805558de39ea31e53da523095141109efb6ad16608fccb1d5	3956.txt
Ludovic Halevy	3957	L'Abbe Constantin — Complete	L-Abbe-Constantin-Complete_3957	unavailable				
Ludovic Halevy	7578	Widger's Quotes and Images from L'Abbe Constantin by Ludovic Halévy	Widger-s-Quotes-and-Images-from-L-Abbe-Constantin-by-Ludovic-Halevy_7578	unavailable				
Ludovic Halevy	15465	Parisian Points of View	Parisian-Points-of-View_15465	fetched		238997	5a023469fab49705cf5435152a2de0b0bdaec19b89c8061756ccca30bf034aa3	15465-8.txt
Ludwig van Beethoven	117	Symphony No. 5 in C minor Opus 67	Symphony-No-5-in-C-minor-Opus-67_117	unavailable				
Ludwig van Beethoven	156	Symphony No. 5 in C minor, Opus 67	Symphony-No-5-in-C-minor-Opus-67_156	unavailable				
Ludwig van Beethoven	3528	Beethoven, the Man and the Artist, as Revealed in His Own Words	Beethoven-the-Man-and-the-Artist-as-Revealed-in-His-Own-Words_3528	fetched		167351	9897f1a31a4f9e5489a288e79fadd676cd8f9b528298ef48c4a9df4c6964a7b7	3528-0.txt
Ludwig van Beethoven	4749	String Quartet No. 01 in F major Opus 18	String-Quartet-No-01-in-F-major-Opus-18_4749	unavailable				
Ludwig van Beethoven	4950	String Quartet No. 02 in G major Opus 18	String-Quartet-No-02-in-G-major-Opus-18_4950	unavailable				
Ludwig van Beethoven	5634	Große Fuge in B flat major Opus 133	Groe-Fuge-in-B-flat-major-Opus-133_5634	unavailable				
Ludwig van Beethoven	6546	Beethoven, the Man and the Artist, as Revealed in His Own Words	Beethoven-the-Man-and-the-Artist-as-Revealed-in-His-Own-Words_6546	unavailable				
Ludwig van Beethoven	6871	String Quartet No. 09 in C major Opus 59	String-Quartet-No-09-in-C-major-Opus-59_6871	unavailable				
Ludwig van Beethoven	7092	String Quartet No. 07 in F major Opus 59	String-Quartet-No-07-in-F-major-Opus-59_7092	unavailable				
Ludwig van Beethoven	7093	String Quartet No. 08 in E minor Opus 59	String-Quartet-No-08-in-E-minor-Opus-59_7093	unavailable				
Ludwig van Beethoven	7507	String Quartet No. 13 in B flat major Opus 130	String-Quartet-No-13-in-B-flat-major-Opus-130_7507	unavailable				
Ludwig van Beethoven	11001	String Quartet No. 05 in A major Opus 18	String-Quartet-No-05-in-A-major-Opus-18_11001	unavailable				
Ludwig van Beethoven	11002	String Quartet No. 11 in F minor Opus 95 "Serioso"	String-Quartet-No-11-in-F-minor-Opus-95-Serioso_11002	unavailable				
Ludwig van Beethoven	11755	String Quartet No. 10 in E flat major Opus 74 "Harp"	String-Quartet-No-10-in-E-flat-major-Opus-74-Harp_11755	unavailable				
Ludwig van Beethoven	12149	String Quartet No. 03 in D major Opus 18	String-Quartet-No-03-in-D-major-Opus-18_12149	unavailable				
Ludwig van Beethoven	12237	String Quartet No. 16 in F major Opus 135	String-Quartet-No-16-in-F-major-Opus-135_12237	unavailable				
Ludwig van Beethoven	12695	String Quartet No. 04 in C minor Opus 18	String-Quartet-No-04-in-C-minor-Opus-18_12695	unavailable				
Ludwig van Beethoven	13065	Beethoven's Letters 1790-1826, Volume 1	Beethoven-s-Letters-1790-1826-Volume-1_13065	fetched		354042	34b004a4772d22e175912dc9be6d3a9700363d8db561c9646ea8365182fd6225	13065.txt
Ludwig van Beethoven	13078	String Quartet No. 12 in E flat major Opus 127	String-Quartet-No-12-in-E-flat-major-Opus-127_13078	unavailable				
Ludwig van Beethoven	13079	String Quartet No. 14 in C-sharp minor Opus 131	String-Quartet-No-14-in-C-sharp-minor-Opus-131_13079	unavailable				
Ludwig van Beethoven	13153	String Quartet No. 15 in A minor Opus 132	String-Quartet-No-15-in-A-minor-Opus-132_13153	unavailable				
Ludwig van Beethoven	13272	Beethoven's Letters 1790-1826, Volume 2	Beethoven-s-Letters-1790-1826-Volume-2_13272	fetched		373885	452fb5702e7c9c5946bfee894281898b28f58fa8cd54bd8baf8ad40fb0fdccd9	13272.txt
Ludwig van Beethoven	13473	String Quartet No. 06 in B flat major Opus 18	String-Quartet-No-06-in-B-flat-major-Opus-18_13473	unavailable				
Lyman Abbott	4954	Laicus; Or, the Experiences of a Layman in a Country Parish.	Laicus-Or-the-Experiences-of-a-Layman-in-a-Country-Parish_4954	fetched		381083	bb70632b7d897af2faa0e8b3ee891b8a681a12c11140de0a7455a84e3105221b	4954.txt
Manly Hall	55687	The Initiates of the Flame	The-Initiates-of-the-Flame_55687	fetched		98953	dafdf6a79ddacd0fa84b2728d6d8114002676e3bc78288a7913299ab9460b0c7	55687-0.txt
Philip Gilbert Hamerton	8536	Philip Gilbert Hamerton	Philip-Gilbert-Hamerton_8536	unavailable				
Philip Gilbert Hamerton	32151	The Intellectual Life	The-Intellectual-Life_32151	fetched		854569	1625648bd2257d1206883ebb5901071bdfdedd08ff46cce91fba2716d4a125af	32151.txt
Philip Gilbert Hamerton	40874	Wenderholme: A Story of Lancashire and Yorkshire	Wenderholme-A-Story-of-Lancashire-and-Yorkshire_40874	unavailable				
Philip Gilbert Hamerton	43359	Human Intercourse	Human-Intercourse_43359	fetched		775290	a3b7235c1ac95e1dd7bba18e1963e9812607054afb1b6dbea62b21c70a88bde7	43359.txt
Reginald Wright Kauffman	38436	The Azure Rose: A Novel	The-Azure-Rose-A-Novel_38436	unavailable				
Reginald Wright Kauffman	38753	Running Sands	Running-Sands_38753	fetched		474874	549064f63c2129ce233493394cd07d9126adc3de49988df08b7486b141b8c9d6	38753.txt
Reginald Wright Kauffman	45866	The Spider's Web	The-Spider-s-Web_45866	fetched		537134	e7a0fd7e3991b674df498c21c6297f14ac9429366ae56ade7cb7ae370c71c845	45866-0.txt
Richard Whately	18087	Historic Doubts Relative To Napoleon Buonaparte	Historic-Doubts-Relative-To-Napoleon-Buonaparte_18087	fetched		124802	476b3eb4f2c485320e8a3c70dcdc66880a1c93dbc680ee1ecc4cbab7c34484ab	18087.txt
Samuel Foote	18417	The Great Panjandrum Himself	The-Great-Panjandrum-Himself_18417	fetched		24305	184598331a9e237eb1dcbf6ec6643aecb1b55ecddf1150b00e6c1076f5731cf6	18417.txt
Samuel Foote	49602	The Lame Lover: A Comedy in Three Acts	The-Lame-Lover-A-Comedy-in-Three-Acts_49602	fetched		103529	0dbe34205d9aa81debbc906309323f45d9a87feafe9e659240e454cf06b7a08e	49602-8.txt
Samuel Goldwyn	59730	Behind the Screen	Behind-the-Screen_59730	fetched		336958	78962b8adf23f8c4a07d606e13e03a1729d3ba9426ede82f0e9907bf98dea50e	59730-0.txt
Samuel Rogers	13586	Poems	Poems_13586	fetched		202955	6a580ba4aa7aa908f5b2c383b3bdc2d4156d96b04f7c342a8a9abc2abc3f1241	13586.txt
Sherwood Eddy	18325	With Our Soldiers in France	With-Our-Soldiers-in-France_18325	fetched		279510	c3f73d02d664b9e83d7f6785f68dd0ae9e58ee97cbc3285849ea66dc7d0634a6	18325.txt
Thomas Adams	66250	An Account of the Battle of Wilson's Creek	An-Account-of-the-Battle-of-Wilson-s-Creek_66250	unavailable				
Thomas D'Urfey	16335	Essays on the Stage	Essays-on-the-Stage_16335	unavailable				
Thomas Hood	15652	The Poetical Works of Thomas Hood	The-Poetical-Works-of-Thomas-Hood_15652	fetched		943702	1e0c9df685005aa772650c72cd991917429a929a1b074d6d99722c4bd161b250	15652.txt
Thomas Hood	56712	The Comic Poems of Thomas Hood	The-Comic-Poems-of-Thomas-Hood_56712	unavailable				
Thomas Hood	59269	The Works of Thomas Hood; Vol. 01 (of 11)	The-Works-of-Thomas-Hood-Vol-01-of-11_59269	unavailable				
Thomas Hood	61301	The Works of Thomas Hood; Vol. 02 (of 11)	The-Works-of-Thomas-Hood-Vol-02-of-11_61301	unavailable				
Thomas Hood	67336	A Parody on "Mary's Ghost;" or, The Doctors and Body-snatchers.	A-Parody-on-Mary-s-Ghost-or-The-Doctors-and-Body-snatchers_67336	unavailable				
Thomas More	2130	Utopia	Utopia_2130	fetched		260857	1c024d368595c0c6ea8990517c916da2d6189e32fd7bd9f8f5d30de7ec7733aa	2130.txt
Thomas More	17075	Dialogue of Comfort Against Tribulation	Dialogue-of-Comfort-Against-Tribulation_17075	unavailable				
Tommaso Campanella	2816	The City of the Sun	The-City-of-the-Sun_2816	fetched		114287	0d560ef884e764a08c54823d991fbfaa4fbac850d2d62512dec2ba1ec19e1d40	2816.txt
Vera Brittain	51907	Verses of a V.A.D.	Verses-of-a-V-A-D_51907	unavailable				
Wilhelm Stekel	57272	The Depths of the Soul: Psycho-Analytical Studies	The-Depths-of-the-Soul-Psycho-Analytical-Studies_57272	fetched		320930	a61d30b8a5ec27f1e2dbdbb5f7949b9ba1ca40982105053b8ac7bc4e2867a5ea	57272-0.txt
Wilhelm Stekel	66693	Bi-sexual love; the homosexual neurosis	Bi-sexual-love-the-homosexual-neurosis_66693	fetched		515434	fc368262d96a14718b7e303c140b9c46fafe435c18cb2707456b5e81e0c12295	66693-0.txt
Wilhelm Stekel	67557	The Homosexual Neurosis	The-Homosexual-Neurosis_67557	fetched		464321	17901bf8d367528417e24ce9d45196ad6c623ac7b1490ce249d60bbcc7a420d4	67557-0.txt
William Connor Magee	64503	Christianity in relation to Freethought, Scepticism, and Faith	Christianity-in-relation-to-Freethought-Scepticism-and-Faith_64503	unavailable				
William Cowper Brann	567	The Complete Works of Brann, the Iconoclast — Volume 01	The-Complete-Works-of-Brann-the-Iconoclast-Volume-01_567	fetched		592964	9cd44b4300e651503822993a5190a077674ec8a53ef117f2892ce441a60c4566	567.txt
William Cowper Brann	568	The Complete Works of Brann, the Iconoclast — Volume 10	The-Complete-Works-of-Brann-the-Iconoclast-Volume-10_568	fetched		590985	8f84519ce245821faeff12d6db7d558bdd38e2bd80d9abaef83402a547e9f4ed	568.txt
William Cowper Brann	569	The Complete Works of Brann, the Iconoclast — Volume 12	The-Complete-Works-of-Brann-the-Iconoclast-Volume-12_569	fetched		596505	082ca6a7baf322aefb09076ae34ccc19d68011279a72cbb73f32ab7b7c9e2137	569.txt
