verdict	author	quote	claimed_source	located	pg_id	score	gitenberg_repo	text_sha256
confirmed	Adam Smith	It is not from the benevolence of the butcher, the brewer, or the baker that we expect our dinner, but from their regard to their own interest. We address ourselves, not to their humanity, but to their self-love, and never talk to them of our own necessities, but of their advantages.	An Inquiry into the Nature and Causes of the Wealth of Nations (1776), Book I, Chapter II	An Inquiry into the Nature and Causes of the Wealth of Nations, LABOUR	3300	100	An-Inquiry-into-the-Nature-and-Causes-of-the-Wealth-of-Nations_3300	a4c14c88e2ecbc107907712a42502b3815d3f6d93b3ff0dcf0eb2fc7a59e304a
confirmed	Adam Smith	People of the same trade seldom meet together, even for merriment and diversion, but the conversation ends in a conspiracy against the public, or in some contrivance to raise prices. It is impossible indeed to prevent such meetings, by any law which either could be executed, or would be consistent with liberty or justice.	An Inquiry into the Nature and Causes of the Wealth of Nations (1776), Book I	An Inquiry into the Nature and Causes of the Wealth of Nations, PART II.--Inequalities occasioned by the Policy of Europe	3300	99	An-Inquiry-into-the-Nature-and-Causes-of-the-Wealth-of-Nations_3300	a4c14c88e2ecbc107907712a42502b3815d3f6d93b3ff0dcf0eb2fc7a59e304a
confirmed	Andrew Carnegie	"All is well since all grows better" became my motto, my true source of comfort.	Autobiography of Andrew Carnegie (1920), Ch. XXV, p. 339	Autobiography of Andrew Carnegie, HERBERT SPENCER AND HIS DISCIPLE	17976	100	Autobiography-of-Andrew-Carnegie_17976	aeb1854e1de25efa655be10676939b4bb6695d9ae1543f82608f676cfdb0a641
confirmed	Anna Julia Cooper	Only the BLACK WOMAN can say 'when and where I enter, in the quiet, undisputed dignity of my womanhood, without violence and without suing or special patronage, then and there the whole Negro race enters with me.'	A Voice from the South (1892)	A Voice from the South, SOPRANO OBLIGATO	61741	100	A-Voice-from-the-South-By-a-Black-Woman-of-the-South_61741	7aa9111255c407822c22094580ccd6fb423621a2590e92d4347decf5210c16c7
confirmed	David Hume	It is certain that the easy and obvious philosophy will always, with the generality of mankind, have the preference above the accurate and abstruse	An Enquiry Concerning Human Understanding (1748), Section I: Of the Different Species of Philosophy	An Enquiry Concerning Human Understanding, OF THE DIFFERENT SPECIES OF PHILOSOPHY	9662	100	An-Enquiry-Concerning-Human-Understanding_9662	23045d500d84241409564cd6bbda18acabf04aa34c50a93af4076dc164252ec9
confirmed	David Hume	Be a philosopher; but amidst all your philosophy, be still a man.	An Enquiry Concerning Human Understanding (1748), Section I: Of the Different Species of Philosophy	An Enquiry Concerning Human Understanding, OF THE DIFFERENT SPECIES OF PHILOSOPHY	9662	100	An-Enquiry-Concerning-Human-Understanding_9662	23045d500d84241409564cd6bbda18acabf04aa34c50a93af4076dc164252ec9
confirmed	David Hume	All our ideas or more feeble perceptions are copies of our impressions or more lively ones	An Enquiry Concerning Human Understanding (1748), Section II: Of the Origin of Ideas	An Enquiry Concerning Human Understanding, OF THE ORIGIN OF IDEAS	9662	100	An-Enquiry-Concerning-Human-Understanding_9662	23045d500d84241409564cd6bbda18acabf04aa34c50a93af4076dc164252ec9
confirmed	David Hume	When we analyze our thoughts or ideas, however compounded or sublime, we always find that they resolve themselves into such simple ideas	An Enquiry Concerning Human Understanding (1748), Section II: Of the Origin of Ideas	An Enquiry Concerning Human Understanding, OF THE ORIGIN OF IDEAS	9662	100	An-Enquiry-Concerning-Human-Understanding_9662	23045d500d84241409564cd6bbda18acabf04aa34c50a93af4076dc164252ec9
confirmed	David Hume	No testimony is sufficient to establish a miracle, unless the testimony be of such a kind, that its falsehood would be more miraculous, than the fact	An Enquiry Concerning Human Understanding (1748), Section X: Of Miracles	An Enquiry Concerning Human Understanding, PART I	9662	100	An-Enquiry-Concerning-Human-Understanding_9662	23045d500d84241409564cd6bbda18acabf04aa34c50a93af4076dc164252ec9
confirmed	David Hume	Nothing is more usual and more natural for those, who pretend to discover anything new to the world in philosophy and the sciences, than to insinuate the praises of their own systems	A Treatise of Human Nature (1739-40), Introduction	A Treatise of Human Nature, INTRODUCTION	4705	100	A-Treatise-of-Human-Nature_4705	5ed86d083837ad6fed815249401774cc3e26abcbe1d9886ad52f1ebd47bd29d5
confirmed	David Hume	no truth appears to me more evident, than that beasts are endow'd with thought and reason as well as men	A Treatise of Human Nature (1739-40), Book 1, Part 3, Section 16	A Treatise of Human Nature, SECT. XVI OF THE REASON OF ANIMALS	4705	99	A-Treatise-of-Human-Nature_4705	5ed86d083837ad6fed815249401774cc3e26abcbe1d9886ad52f1ebd47bd29d5
confirmed	David Livingstone	No one can imagine the beauty of the view from anything witnessed in England. It had never been seen before by European eyes; but scenes so lovely must have been gazed upon by angels in their flight,	Missionary Travels and Researches in South Africa (1857)	Missionary Travels and Researches in South Africa, Chapter 26	1039	99	Missionary-Travels-and-Researches-in-South-Africa_1039	db98da71ed6c939c1793864c1ba5ee3fafe7a268e99e13385268df8790528fc4
confirmed	David Livingstone	The islands above the falls are covered with foliage as beautiful as can be seen anywhere. Viewed from the mass of rock which overhangs the fall, the scenery was the loveliest I had seen	Missionary Travels and Researches in South Africa (1857)	Missionary Travels and Researches in South Africa, Chapter 14	1039	99	Missionary-Travels-and-Researches-in-South-Africa_1039	db98da71ed6c939c1793864c1ba5ee3fafe7a268e99e13385268df8790528fc4
confirmed	David Livingstone	Now it is very grievous to find one portion of this race practicing the gigantic evil, and the other aiding, by increased demands for the produce of slave labor, in perpetuating the enormous wrong	Missionary Travels and Researches in South Africa (1857)	Missionary Travels and Researches in South Africa, Chapter 32	1039	100	Missionary-Travels-and-Researches-in-South-Africa_1039	db98da71ed6c939c1793864c1ba5ee3fafe7a268e99e13385268df8790528fc4
confirmed	Edith Wharton	The worst of doing one's duty was that it apparently unfitted one for doing anything else.	The Age of Innocence (1920)	The Age of Innocence, XXXIV	541	100	The-Age-of-Innocence_541	4e134e8386b982db9926144bf9f52d3c337041d0b0f058c5f65ae9bbcb5c289d
confirmed	Edith Wharton	It frightened him to think what must have gone to the making of her eyes.	The Age of Innocence (1920), Ch. 8	The Age of Innocence, VIII	541	100	The-Age-of-Innocence_541	4e134e8386b982db9926144bf9f52d3c337041d0b0f058c5f65ae9bbcb5c289d
confirmed	Edith Wharton	I can't love you unless I give you up.	The Age of Innocence (1920), Ch. 18	The Age of Innocence, XVIII	541	100	The-Age-of-Innocence_541	4e134e8386b982db9926144bf9f52d3c337041d0b0f058c5f65ae9bbcb5c289d
confirmed	Edith Wharton	It was the old New York way of taking life 'without effusion of blood': the way of people who dreaded scandal more than disease, who placed decency above courage, and who considered that nothing was more ill-bred than 'scenes,' except the behaviour of those who gave rise to them.	The Age of Innocence (1920)	The Age of Innocence, XXXIII	541	100	The-Age-of-Innocence_541	4e134e8386b982db9926144bf9f52d3c337041d0b0f058c5f65ae9bbcb5c289d
confirmed	Edith Wharton	The only way not to think about money is to have a great deal of it.	The House of Mirth (1905), Book 1, Ch. 6	The House of Mirth, Chapter 6	284	100	The-House-of-Mirth_284	e14a889840c8b43e284d096a3ac8938215e265c5bc7d600b70737facefef752c
confirmed	Edith Wharton	No insect hangs its nest on threads as frail as those which will sustain the weight of human vanity.	The House of Mirth (1905), Ch. X, p. 69	The House of Mirth, Chapter 10	284	100	The-House-of-Mirth_284	e14a889840c8b43e284d096a3ac8938215e265c5bc7d600b70737facefef752c
confirmed	Edith Wharton	I wonder why rich people always grow fat—I suppose it's because there's nothing to worry them.	The House of Mirth (1905)	The House of Mirth, Chapter 4	284	100	The-House-of-Mirth_284	e14a889840c8b43e284d096a3ac8938215e265c5bc7d600b70737facefef752c
confirmed	Emma Goldman	The philosophy of a new social order based on liberty unrestricted by man-made law; the theory that all forms of government rest on violence, and are therefore wrong and harmful, as well as unnecessary.	Anarchism and Other Essays (1910), "Anarchism: What It Really Stands For"	Anarchism and Other Essays, JOHN HENRY MACKAY	2162	100	Anarchism-and-Other-Essays_2162	afc77c738938fcbfcd646c95ce78e0d528378cabe0decaad4f65cf1bc4a6f96f
confirmed	Emma Goldman	People are either not familiar with their history, or they have not yet learned that revolution is but thought carried into action.	Anarchism and Other Essays (1910)	Anarchism and Other Essays, JOHN HENRY MACKAY	2162	100	Anarchism-and-Other-Essays_2162	afc77c738938fcbfcd646c95ce78e0d528378cabe0decaad4f65cf1bc4a6f96f
confirmed	Emma Goldman	Regardless of all political and economic theories, treating of the fundamental differences between various groups within the human race, regardless of class and race distinctions, regardless of all artificial boundary lines between woman's rights and man's rights, I hold that there is a point where these differentiations may meet and grow into one perfect whole.	"The Tragedy of Woman's Emancipation", in Anarchism and Other Essays (1910)	Anarchism and Other Essays, THE TRAGEDY OF WOMAN'S EMANCIPATION	2162	100	Anarchism-and-Other-Essays_2162	afc77c738938fcbfcd646c95ce78e0d528378cabe0decaad4f65cf1bc4a6f96f
confirmed	Emma Goldman	Emancipation, as understood by the majority of its adherents and exponents, is of too narrow a scope to permit the boundless love and ecstasy contained in the deep emotion of the true woman, sweetheart, mother, in freedom.	"The Tragedy of Woman's Emancipation", in Anarchism and Other Essays (1910)	Anarchism and Other Essays, THE TRAGEDY OF WOMAN'S EMANCIPATION	2162	100	Anarchism-and-Other-Essays_2162	afc77c738938fcbfcd646c95ce78e0d528378cabe0decaad4f65cf1bc4a6f96f
confirmed	George Eliot	He seemed to weave, like the spider, from pure impulse, without reflection. Every man's work, pursued steadily, tends in this way to become an end in itself, and so to bridge over the loveless chasms of his life.	Silas Marner (1861), Ch. 2	Silas Marner, CHAPTER II	550	100	Silas-Marner_550	46b39559666acdce85bfbea4d98df3b3db0e044bcbacd22f4a55ba86be76a189
confirmed	George Eliot	In old days there were angels who came and took men by the hand and led them away from the city of destruction. We see no white-winged angels now. But yet men are led away from threatening destruction: a hand is put into theirs, which leads them forth gently towards a calm and bright land, so that they look no more backward; and the hand may be a little child's.	Silas Marner (1861), Ch. 14	Silas Marner, CHAPTER XIV	550	100	Silas-Marner_550	46b39559666acdce85bfbea4d98df3b3db0e044bcbacd22f4a55ba86be76a189
confirmed	George Eliot	Our life is determined for us — and it makes the mind very free when we give up wishing and only think of bearing what is laid upon us and doing what is given us to do.	The Mill on the Floss (1860), Book V, Ch. 1	The Mill on the Floss, Chapter I	6688	100	The-Mill-on-the-Floss_6688	9b489d9d8b9d48f06b38447ef37610209ace1464fb783456d0391e4211105f02
confirmed	Gilbert White	It is, I find, in zoology as in botany: all nature is so full, that that district produces the greatest variety which is the most examined.	The Natural History of Selborne (1789)	The Natural History of Selborne, Letter XX	1408	95	The-Natural-History-of-Selborne_1408	1760761444dd55fda691c1992e136fc15da229cd7079346bd371a91796f3fbaa
confirmed	Henry Ford	Any customer can have a car painted any color that he wants so long as it is black.	My Life and Work (1922), p. 72	My Life and Work, THE SECRET OF MANUFACTURING AND SERVING	7213	98	My-Life-and-Work_7213	e8b43cdc1b5363851b286c1daee8aa39d5acc264ed96bbafd0a7e4e79c36a1c2
confirmed	Henry Ford	Money is only a tool in business. It is just a part of the machinery. You might as well borrow 100,000 lathes as $100,000 if the trouble is inside your business. More lathes will not cure it; neither will more money. Only heavier doses of brains and thought and wise courage can cure. A business that misuses what it has will continue to misuse what it can get.	My Life and Work (1922)	My Life and Work, MONEY AND GOODS	7213	100	My-Life-and-Work_7213	e8b43cdc1b5363851b286c1daee8aa39d5acc264ed96bbafd0a7e4e79c36a1c2
confirmed	Henry Ford	The economic fundamental is labour. Labour is the human element which makes the fruitful seasons of the earth useful to men. It is men's labour that makes the harvest what it is. That is the economic fundamental: every one of us is working with material which we did not and could not create, but which was presented to us by Nature.	My Life and Work (1922)	My Life and Work, WHAT IS THE IDEA?	7213	100	My-Life-and-Work_7213	e8b43cdc1b5363851b286c1daee8aa39d5acc264ed96bbafd0a7e4e79c36a1c2
confirmed	Jane Austen	You pierce my soul. I am half agony, half hope.	Persuasion (1817), Ch. 23	Persuasion, Chapter 23	105	100	Persuasion_105	cce830b4ba2eb09dd95c49bd1a2b55db9d859f21064da933b7f3abab73d02ebe
confirmed	Jane Austen	Vanity was the beginning and the end of Sir Walter Elliot's character.	Persuasion (1817), Ch. 1	Persuasion, Chapter 1	105	100	Persuasion_105	cce830b4ba2eb09dd95c49bd1a2b55db9d859f21064da933b7f3abab73d02ebe
confirmed	Jane Austen	A lady's imagination is very rapid; it jumps from admiration to love, from love to matrimony, in a moment.	Pride and Prejudice (1813), Vol. 1, Ch. 6	Pride and Prejudice, Chapter 6	1342	100	Pride-and-Prejudice_1342	48e0522844402a86a3ea98f0947ba85ea54838db3c59022299298ed968a5a163
confirmed	Jane Austen	There is a stubbornness about me that never can bear to be frightened at the will of others. My courage always rises at every attempt to intimidate me.	Pride and Prejudice (1813)	Pride and Prejudice, Chapter 31	1342	100	Pride-and-Prejudice_1342	48e0522844402a86a3ea98f0947ba85ea54838db3c59022299298ed968a5a163
confirmed	Jane Austen	Where shall we see a better daughter, or a kinder sister, or a truer friend?	Emma (1815), Vol. I, Ch. 5	Emma, CHAPTER V	158	100	Emma_158	89b601ce13c21eca31766bdd1a554842fc9ecb7d3638cc769f41712a523e24cf
confirmed	John Maynard Keynes	In truth, the gold standard is already a barbarous relic.	A Tract on Monetary Reform (1923)	A Tract on Monetary Reform, ALTERNATIVE AIMS IN MONETARY POLICY	65278	100	A-Tract-on-Monetary-Reform_65278	eef5d9d86053bd28007552a9d83cf307d82dc37732ca575af8a583c00f836074
confirmed	John Muir	The world, we are told, was made especially for man — a presumption not supported by all the facts.	A Thousand-Mile Walk to the Gulf (1916)	A Thousand-Mile Walk to the Gulf, Chapter VI	60749	100	A-Thousand-Mile-Walk-to-the-Gulf_60749	8bd39b76410deca18b1ac7df4a8502b9b63cb155e8934ab3737ab1e3dfff0a7e
confirmed	John Muir	Thousands of tired, nerve-shaken, over-civilized people are beginning to find out that going to the mountains is going home; that wildness is a necessity; and that mountain parks and reservations are useful not only as fountains of timber and irrigating rivers, but as fountains of life.	Our National Parks (1901), Chapter I, "The Wild Parks and Forest Reservations of the West"	Our National Parks, CHAPTER I	60929	100	Our-National-Parks_60929	49004dd5157cdc8431814d62a8f79a6c4b265873e05128ba52999e22ac16b703
confirmed	John Muir	Walk away quietly in any direction and taste the freedom of the mountaineer.	Our National Parks (1901), p. 56	Our National Parks, CHAPTER II	60929	100	Our-National-Parks_60929	49004dd5157cdc8431814d62a8f79a6c4b265873e05128ba52999e22ac16b703
confirmed	John Ruskin	Therefore, when we build, let us think that we build for ever. Let it not be for present delight, nor for present use alone; let it be such work as our descendants will thank us for, and let us think, as we lay stone on stone, that a time is to come when those stones will be held sacred because our hands have touched them, and that men will say as they look upon the labor and wrought substance of them, 'See! this our fathers did for us.'	The Seven Lamps of Architecture (1849), chapter 'The Lamp of Memory'	The Seven Lamps of Architecture, THE LAMP OF MEMORY	35898	100	The-Seven-Lamps-of-Architecture_35898	c75548d5c09fa94f9e69e8c62c147dc36dcaab866e93106cbdee38298c04f5d7
confirmed	John Stuart Mill	The only purpose for which power can be rightfully exercised over any member of a civilized community, against his will, is to prevent harm to others. His own good, either physical or moral, is not a sufficient warrant	On Liberty (1859), Ch. 1: Introductory	On Liberty, INTRODUCTORY	34901	99	On-Liberty_34901	2d57793857a4948ddfb4eeca2540e649a5f7acee04a4f8d20a45b725f64f7bad
confirmed	John Stuart Mill	If all mankind minus one, were of one opinion, and only one person were of the contrary opinion, mankind would be no more justified in silencing that one person	On Liberty (1859), Ch. 2: Of the Liberty of Thought and Discussion	On Liberty, OF THE LIBERTY OF THOUGHT AND DISCUSSION	34901	100	On-Liberty_34901	2d57793857a4948ddfb4eeca2540e649a5f7acee04a4f8d20a45b725f64f7bad
confirmed	John Stuart Mill	I regard utility as the ultimate appeal on all ethical questions; but it must be utility in the largest sense, grounded on the permanent interests of man as a progressive being	On Liberty (1859), Ch. 1: Introductory	On Liberty, INTRODUCTORY	34901	100	On-Liberty_34901	2d57793857a4948ddfb4eeca2540e649a5f7acee04a4f8d20a45b725f64f7bad
confirmed	John Stuart Mill	The only freedom which deserves the name, is that of pursuing our own good in our own way, so long as we do not attempt to deprive others of theirs, or impede their efforts to obtain it.	On Liberty (1859), Ch. 1: Introductory	On Liberty, INTRODUCTORY	34901	100	On-Liberty_34901	2d57793857a4948ddfb4eeca2540e649a5f7acee04a4f8d20a45b725f64f7bad
confirmed	John Stuart Mill	The creed which accepts as the foundation of morals, Utility, or the Greatest Happiness Principle, holds that actions are right in proportion as they tend to promote happiness, wrong as they tend to produce the reverse of happiness	Utilitarianism (1861), Ch. 2	Utilitarianism, WHAT UTILITARIANISM IS	11224	100	Utilitarianism_11224	58532b59a4f45dd94ef5f92c96bb5d5acfad3e79aa36f3325d178029f7d03b4e
confirmed	John Stuart Mill	It is better to be a human being dissatisfied than a pig satisfied; better to be Socrates dissatisfied than a fool satisfied	Utilitarianism (1861), Ch. 2	Utilitarianism, WHAT UTILITARIANISM IS	11224	100	Utilitarianism_11224	58532b59a4f45dd94ef5f92c96bb5d5acfad3e79aa36f3325d178029f7d03b4e
confirmed	Leo Tolstoy	Seize the moments of happiness, love and be loved! That is the only reality in the world, all else is folly.	War and Peace (1869)	War and Peace, CHAPTER XI	2600	100	War-and-Peace_2600	6cbcc5ca5e590fb9ace161a5b93e4ecf280d7118104be0d63b686c004cfa70ae
confirmed	Leo Tolstoy	Everything comes in time to him who knows how to wait.	War and Peace (1869)	War and Peace, CHAPTER XVI	2600	100	War-and-Peace_2600	6cbcc5ca5e590fb9ace161a5b93e4ecf280d7118104be0d63b686c004cfa70ae
confirmed	Leo Tolstoy	Pure and complete sorrow is as impossible as pure and complete joy.	War and Peace (1869), Book XV, Ch. 1	War and Peace, CHAPTER I	2600	100	War-and-Peace_2600	6cbcc5ca5e590fb9ace161a5b93e4ecf280d7118104be0d63b686c004cfa70ae
confirmed	Leo Tolstoy	War is not a courtesy but the most horrible thing in life.	War and Peace (1869), Book X, Ch. 25	War and Peace, CHAPTER XXV	2600	96	War-and-Peace_2600	6cbcc5ca5e590fb9ace161a5b93e4ecf280d7118104be0d63b686c004cfa70ae
confirmed	Louis D. Brandeis	Publicity is justly commended as a remedy for social and industrial diseases. Sunlight is said to be the best of disinfectants; electric light the most efficient policeman	Other People's Money - and How Bankers Use It (1914)	Other People's Money, and How the Bankers Use It, WHAT PUBLICITY CAN DO	57819	100	Other-People-s-Money-and-How-the-Bankers-Use-It_57819	1dfd8003674ab35196d478f8a985e61279f7f956b850418d88bc7bd1302143d7
confirmed	Louis D. Brandeis	The intensity and complexity of life, attendant upon advancing civilization, have rendered necessary some retreat from the world	The Right to Privacy (1890), 4 Harvard Law Review 193, 196	The Right to Privacy, THE RIGHT TO PRIVACY	37368	100	The-Right-to-Privacy_37368	da3ebf9d8d15e4be6851dcfc278c35e528594e6f1108d4d76ca5566e671646e1
confirmed	Margaret Sanger	The most far-reaching social development of modern times is the revolt of woman against sex servitude. The most important force in the remaking of the world is a free motherhood.	Woman and the New Race (1920), Chapter 1, "Woman's Error and Her Debt"	Woman and the New Race, WOMAN'S ERROR AND HER DEBT	8660	100	Woman-and-the-New-Race_8660	9e0c8264237f053e449e2129875a0a955d3b726a48a12d3f0473bb35a4c43a88
confirmed	Mary Wollstonecraft	In the present state of society it appears necessary to go back to first principles in search of the most simple truths, and to dispute with some prevailing prejudice every inch of ground.	A Vindication of the Rights of Woman (1792), Ch. 1	A Vindication of the Rights of Woman, THE RIGHTS AND INVOLVED DUTIES OF MANKIND CONSIDERED	3420	100	A-Vindication-of-the-Rights-of-Woman-With-Strictures-on-Political-and-Moral-Subjects_3420	9dbbb58e03824ba10a3e0d47196155a4b7a22156b202c848131691d62413c3ae
confirmed	Mary Wollstonecraft	Should it be proved that woman is naturally weaker than man, from whence does it follow that it is natural for her to labour to become still weaker than nature intended her to be?	A Vindication of the Rights of Woman (1792), Ch. 3	A Vindication of the Rights of Woman, THE SAME SUBJECT CONTINUED	3420	100	A-Vindication-of-the-Rights-of-Woman-With-Strictures-on-Political-and-Moral-Subjects_3420	9dbbb58e03824ba10a3e0d47196155a4b7a22156b202c848131691d62413c3ae
confirmed	Mary Wollstonecraft	Taught from their infancy that beauty is woman's sceptre, the mind shapes itself to the body, and roaming round its gilt cage, only seeks to adorn its prison.	A Vindication of the Rights of Woman (1792), Ch. 3	A Vindication of the Rights of Woman, THE SAME SUBJECT CONTINUED	3420	100	A-Vindication-of-the-Rights-of-Woman-With-Strictures-on-Political-and-Moral-Subjects_3420	9dbbb58e03824ba10a3e0d47196155a4b7a22156b202c848131691d62413c3ae
confirmed	Mary Wollstonecraft	It is justice, not charity, that is wanting in the world.	A Vindication of the Rights of Woman (1792), Ch. 4	A Vindication of the Rights of Woman, BY VARIOUS CAUSES	3420	100	A-Vindication-of-the-Rights-of-Woman-With-Strictures-on-Political-and-Moral-Subjects_3420	9dbbb58e03824ba10a3e0d47196155a4b7a22156b202c848131691d62413c3ae
confirmed	Mary Wollstonecraft	It would be an endless task to trace the variety of meannesses, cares, and sorrows, into which women are plunged by the prevailing opinion that they were created rather to feel than reason, and that all the power they obtain, must be obtained by their charms and weakness.	A Vindication of the Rights of Woman (1792), Ch. 4	A Vindication of the Rights of Woman, BY VARIOUS CAUSES	3420	100	A-Vindication-of-the-Rights-of-Woman-With-Strictures-on-Political-and-Moral-Subjects_3420	9dbbb58e03824ba10a3e0d47196155a4b7a22156b202c848131691d62413c3ae
confirmed	Mary Wollstonecraft	A modest man is steady, an humble man timid, and a vain one presumptuous.	A Vindication of the Rights of Woman (1792), Ch. 7	A Vindication of the Rights of Woman, CHAPTER 7	3420	100	A-Vindication-of-the-Rights-of-Woman-With-Strictures-on-Political-and-Moral-Subjects_3420	9dbbb58e03824ba10a3e0d47196155a4b7a22156b202c848131691d62413c3ae
confirmed	Mary Wollstonecraft	It is vain to expect virtue from women till they are in some degree independent of men; nay, it is vain to expect that strength of natural affection which would make them good wives and mothers.	A Vindication of the Rights of Woman (1792), Ch. 9	A Vindication of the Rights of Woman, DISTINCTIONS ESTABLISHED IN SOCIETY	3420	97	A-Vindication-of-the-Rights-of-Woman-With-Strictures-on-Political-and-Moral-Subjects_3420	9dbbb58e03824ba10a3e0d47196155a4b7a22156b202c848131691d62413c3ae
confirmed	Mary Wollstonecraft	I do not wish them to have power over men; but over themselves.	A Vindication of the Rights of Woman (1792), Chapter 4	A Vindication of the Rights of Woman, BY VARIOUS CAUSES	3420	100	A-Vindication-of-the-Rights-of-Woman-With-Strictures-on-Political-and-Moral-Subjects_3420	9dbbb58e03824ba10a3e0d47196155a4b7a22156b202c848131691d62413c3ae
confirmed	Mary Wollstonecraft	But should it be proved that woman is naturally weaker than man, from whence does it follow that it is natural for her to labour to become still weaker than nature intended her to be?	A Vindication of the Rights of Woman (1792), Chapter 3	A Vindication of the Rights of Woman, THE SAME SUBJECT CONTINUED	3420	100	A-Vindication-of-the-Rights-of-Woman-With-Strictures-on-Political-and-Moral-Subjects_3420	9dbbb58e03824ba10a3e0d47196155a4b7a22156b202c848131691d62413c3ae
confirmed	Roald Amundsen	Victory awaits him who has everything in order - luck, people call it. Defeat is certain for him who has neglected to take the necessary precautions in time; this is called bad luck.	The South Pole (1912), trans. A. G. Chater	The South Pole; an account of the Norwegian Antarctic expedition in the "Fram," 1910-1912 — Volume 1, CHAPTER IX	3414	100	The-South-Pole-an-account-of-the-Norwegian-Antarctic-expedition-in-the-Fram-1910-1912-Volume-1_3414	485aeb80abb77c70eab2fe604a3f8fcefb5bf75d2c2927b60cc04a4cd4304cdd
confirmed	Stephen Leacock	I detest life-insurance agents: they always argue that I shall some day die, which is not so.	Literary Lapses (1910)	Literary Lapses, DELIGHTFUL EVENING AT THE RESIDENCE OF MR. ALONZO ROBINSON	6340	100	Literary-Lapses_6340	ce82ef16ae230fb4c916e7589fe56dff76ab04b2f0b65ba68f6a05bccafa9498
confirmed	Thomas Hobbes	Hereby it is manifest, that during the time men live without a common Power to keep them all in awe, they are in that conditions called Warre; and such a warre, as is of every man, against every man.	Leviathan (1651), Part I, Ch. 13	Leviathan, AS CONCERNING THEIR FELICITY, AND MISERY	3207	95	Leviathan_3207	db7e985a63a9ea2f9447a855471e10775f9d45e20a278ef395345778887c31aa
confirmed	Thomas Hobbes	And because the condition of Man, is a condition of Warre of every one against everyone; in which case every one is governed by his own Reason; and there is nothing he can make use of, that may not be a help unto him, in preserving his life against his enemyes; It followeth, that in such a condition, every man has a Right to every thing; even to one anothers body.	Leviathan (1651), Part I, Ch. 14	Leviathan, AS CONCERNING THEIR FELICITY, AND MISERY	3207	94	Leviathan_3207	db7e985a63a9ea2f9447a855471e10775f9d45e20a278ef395345778887c31aa
confirmed	Thomas Malthus	It is an acknowledged truth in philosophy that a just theory will always be confirmed by experiment	An Essay on the Principle of Population (1798), Chapter I, paragraph 9	An Essay on the Principle of Population, CHAPTER 1	4239	100	An-Essay-on-the-Principle-of-Population_4239	af9fc2ae9a521b4ac6042b278e5fde912de57b8cf4f5c8b459c721f5c3f097f5
confirmed	Thomas Malthus	Population, when unchecked, increases in a geometrical ratio, Subsistence, increases only in an arithmetical ratio	An Essay on the Principle of Population (1798), Chapter I, paragraph 18	An Essay on the Principle of Population, CHAPTER 1	4239	100	An-Essay-on-the-Principle-of-Population_4239	af9fc2ae9a521b4ac6042b278e5fde912de57b8cf4f5c8b459c721f5c3f097f5
confirmed	Thomas Malthus	To remedy the frequent distresses of the common people, the poor laws of England have been instituted; but it is to be feared that though they may have alleviated a little the intensity of individual misfortune, they have spread the general evil over a much larger surface	An Essay on the Principle of Population (1798), Chapter V, paragraph 2	An Essay on the Principle of Population, CHAPTER 5	4239	100	An-Essay-on-the-Principle-of-Population_4239	af9fc2ae9a521b4ac6042b278e5fde912de57b8cf4f5c8b459c721f5c3f097f5
confirmed	Thomas Malthus	To prevent the recurrence of misery is, alas! beyond the power of man	An Essay on the Principle of Population (1798), Chapter V, paragraph 25	An Essay on the Principle of Population, CHAPTER 5	4239	100	An-Essay-on-the-Principle-of-Population_4239	af9fc2ae9a521b4ac6042b278e5fde912de57b8cf4f5c8b459c721f5c3f097f5
confirmed	Thomas Malthus	The power of population is so superior to the power in the earth to produce subsistence for man, that premature death must in some shape or other vist the human race	An Essay on the Principle of Population (1798), Chapter VII, paragraph 20	An Essay on the Principle of Population, DUKEDOM OF MAGDEBURGH	4239	99	An-Essay-on-the-Principle-of-Population_4239	af9fc2ae9a521b4ac6042b278e5fde912de57b8cf4f5c8b459c721f5c3f097f5
confirmed	Thorstein Veblen	The possession of wealth confers honor; it is an invidious distinction.	The Theory of the Leisure Class (1899), p. 26	The Theory of the Leisure Class, Chapter Two ~~ Pecuniary Emulation	833	98	The-Theory-of-the-Leisure-Class_833	e52e1d8ad2b4d309f462a79a5596d75c56a84767760ad17793924096550e7a3d
confirmed	Thorstein Veblen	In order to stand well in the eyes of the community, it is necessary to come up to a certain, somewhat indefinite, conventional standard of wealth.	The Theory of the Leisure Class (1899), p. 19	The Theory of the Leisure Class, Chapter Two ~~ Pecuniary Emulation	833	100	The-Theory-of-the-Leisure-Class_833	e52e1d8ad2b4d309f462a79a5596d75c56a84767760ad17793924096550e7a3d
confirmed	Thorstein Veblen	In itself and in its consequences the life of leisure is beautiful and ennobling in all civilized men's eyes.	The Theory of the Leisure Class (1899), p. 38	The Theory of the Leisure Class, Chapter Three ~~ Conspicuous Leisure	833	99	The-Theory-of-the-Leisure-Class_833	e52e1d8ad2b4d309f462a79a5596d75c56a84767760ad17793924096550e7a3d
confirmed	Thorstein Veblen	While the proximate ground of discrimination may be of another kind, still the pervading principle and abiding test of good breeding is the requirement of a substantial and patent waste of time.	The Theory of the Leisure Class (1899), p. 51	The Theory of the Leisure Class, Chapter Three ~~ Conspicuous Leisure	833	100	The-Theory-of-the-Leisure-Class_833	e52e1d8ad2b4d309f462a79a5596d75c56a84767760ad17793924096550e7a3d
confirmed	Thorstein Veblen	The superior gratification derived from the use and contemplation of costly and supposedly beautiful products is, commonly, in great measure a gratification of our sense of costliness masquerading under the name of beauty.	The Theory of the Leisure Class (1899), p. 128	The Theory of the Leisure Class, Chapter Six ~~ Pecuniary Canons of Taste	833	100	The-Theory-of-the-Leisure-Class_833	e52e1d8ad2b4d309f462a79a5596d75c56a84767760ad17793924096550e7a3d
confirmed	Thorstein Veblen	The chief use of servants is the evidence they afford of the master's ability to pay.	The Theory of the Leisure Class (1899), Chapter 3: Conspicuous Leisure	The Theory of the Leisure Class, Chapter Three ~~ Conspicuous Leisure	833	100	The-Theory-of-the-Leisure-Class_833	e52e1d8ad2b4d309f462a79a5596d75c56a84767760ad17793924096550e7a3d
confirmed	Thorstein Veblen	As we descend the social scale, the point is presently reached where the duties of vicarious leisure and consumption devolve upon the wife alone. In the communities of the Western culture, this point is at present found among the lower middle class.	The Theory of the Leisure Class (1899), Chapter 4: Conspicuous Consumption	The Theory of the Leisure Class, Chapter Four ~~ Conspicuous Consumption	833	100	The-Theory-of-the-Leisure-Class_833	e52e1d8ad2b4d309f462a79a5596d75c56a84767760ad17793924096550e7a3d
confirmed	Virginia Woolf	Mrs Dalloway said she would buy the flowers herself.	Mrs Dalloway (1925), opening line	Mrs Dalloway in Bond Street, BY VIRGINIA WOOLF	63107	94	Mrs-Dalloway-in-Bond-Street_63107	f527bc31bd1b276cdb35b79a0ecbb10a427cb8b14aae267d0f3265cd8a1fe460
confirmed	Wassily Kandinsky	Colour is the keyboard, the eyes are the hammers, and the soul is the piano with many strings. The artist is the hand which plays, touching one key or another, to cause vibrations in the soul.	Concerning the Spiritual in Art (Über das Geistige in der Kunst, 1911), Part 2: About Painting, trans. M. T. H. Sadler	Concerning the Spiritual in Art (1911), V. THE PSYCHOLOGICAL WORKING OF COLOUR	5321	97	Concerning-the-Spiritual-in-Art_5321	4a2b94815d8f73b164262d2784c6a19e44ce7a58fac56fdce62b54da514330bc
confirmed	William Blackstone	every man, when he enters into society, gives up a part of his natural liberty, as the price of so valuable a purchase	Commentaries on the Laws of England (1765-1769), Book I, Chapter 1: Of the Absolute Rights of Individuals	Commentaries on the Laws of England, Book the First, OF THE ABSOLUTE RIGHTS OF INDIVIDUALS	30802	100	Commentaries-on-the-Laws-of-England-Book-the-First_30802	df48c777d055d0000371d16a45e50240eee7061755edbcab1ee5fb88437cf5dd
relocated	John Maynard Keynes	Money is only important for what it will procure. Thus a change in the monetary unit, which is uniform in its operation and affects all transactions equally, has no consequences.	Essays in Persuasion (1931)	A Tract on Monetary Reform, THE CONSEQUENCES TO SOCIETY OF CHANGES IN THE VALUE OF MONEY	65278	100	A-Tract-on-Monetary-Reform_65278	eef5d9d86053bd28007552a9d83cf307d82dc37732ca575af8a583c00f836074
