pg_id	catalog_author	catalog_title	gitenberg_repo	status	quotes_claimed	bytes	sha256
3420	Wollstonecraft, Mary	A Vindication of the Rights of Woman	A-Vindication-of-the-Rights-of-Woman-With-Strictures-on-Political-and-Moral-Subjects_3420	searched	9	533083	9dbbb58e03824ba10a3e0d47196155a4b7a22156b202c848131691d62413c3ae
833	Veblen, Thorstein	The Theory of the Leisure Class	The-Theory-of-the-Leisure-Class_833	searched	7	672258	e52e1d8ad2b4d309f462a79a5596d75c56a84767760ad17793924096550e7a3d
9662	Hume, David	An Enquiry Concerning Human Understanding	An-Enquiry-Concerning-Human-Understanding_9662	searched	5	373387	23045d500d84241409564cd6bbda18acabf04aa34c50a93af4076dc164252ec9
37157	Poincaré, Henri	Science and hypothesis	Science-and-hypothesis_37157	not-mirrored-on-gitenberg	5	0	
2600	Tolstoy, Leo, graf	War and Peace	War-and-Peace_2600	searched	5	3359542	6cbcc5ca5e590fb9ace161a5b93e4ecf280d7118104be0d63b686c004cfa70ae
4239	Malthus, T. R. (Thomas Robert)	An Essay on the Principle of Population	An-Essay-on-the-Principle-of-Population_4239	searched	5	344425	af9fc2ae9a521b4ac6042b278e5fde912de57b8cf4f5c8b459c721f5c3f097f5
10253	Carnegie, Andrew	The Gospel of Wealth	The-Gospel-of-Wealth_10253	not-mirrored-on-gitenberg	4	0	
541	Wharton, Edith	The Age of Innocence	The-Age-of-Innocence_541	searched	4	612342	4e134e8386b982db9926144bf9f52d3c337041d0b0f058c5f65ae9bbcb5c289d
34901	Mill, John Stuart	On Liberty	On-Liberty_34901	searched	4	331063	2d57793857a4948ddfb4eeca2540e649a5f7acee04a4f8d20a45b725f64f7bad
1067	Grant, Ulysses S. (Ulysses Simpson)	Personal Memoirs of U. S. Grant — Volume 1	Personal-Memoirs-of-U-S-Grant-Volume-1_1067	not-mirrored-on-gitenberg	4	0	
67363	Smith, Adam	The Theory of Moral Sentiments	The-Theory-of-Moral-Sentiments-Or-an-Essay-Towards-an-Analysis-of-the-Principles-by-Which-Men-Naturally-Judge-Concerning-the-Conduct-and-Character-First-of-Their-Neighbours-and-Afterwards-of-Themselves-to-Which-Is-Added-a-Dissertation-on-the-Origin-of-Languages_67363	not-mirrored-on-gitenberg	3	0	
815	Tocqueville, Alexis de	Democracy in America — Volume 1	Democracy-in-America-Volume-1_815	not-mirrored-on-gitenberg	3	0	
41568	Whitehead, Alfred North	An Introduction to Mathematics	An-Introduction-to-Mathematics_41568	not-mirrored-on-gitenberg	3	0	
13529	Mahan, A. T. (Alfred Thayer)	The Influence of Sea Power Upon History, 1660-1783	The-Influence-of-Sea-Power-Upon-History-1660-1783_13529	searched	3	1311522	0b098389edadc6e568189545016004724967955d282adf40f0cf578870868b1f
14363	Cherry-Garrard, Apsley	The Worst Journey in the World: Antarctic, 1910-1913	The-Worst-Journey-in-the-World-Antarctic-1910-1913_14363	not-mirrored-on-gitenberg	3	0	
1946	Clausewitz, Carl von	On War	On-War_1946	not-mirrored-on-gitenberg	3	0	
57913	Gilman, Charlotte Perkins	Women and Economics	Women-and-Economics-A-Study-of-the-Economic-Relation-Between-Men-and-Women-as-a-Factor-in-Social-Evolution_57913	not-mirrored-on-gitenberg	3	0	
1039	Livingstone, David	Missionary Travels and Researches in South Africa	Missionary-Travels-and-Researches-in-South-Africa_1039	searched	3	1770353	db98da71ed6c939c1793864c1ba5ee3fafe7a268e99e13385268df8790528fc4
284	Wharton, Edith	The House of Mirth	The-House-of-Mirth_284	searched	3	763860	e14a889840c8b43e284d096a3ac8938215e265c5bc7d600b70737facefef752c
5199	Shackleton, Ernest Henry, Sir	South: The Story of Shackleton's Last Expedition, 1914-1917	South-The-Story-of-Shackleton-s-Last-Expedition-1914-1917_5199	not-mirrored-on-gitenberg	3	0	
12439	Nightingale, Florence	Notes on Nursing: What It Is, and What It Is Not	Notes-on-Nursing-What-It-Is-and-What-It-Is-Not_12439	not-mirrored-on-gitenberg	3	0	
44800	Bastiat, Frédéric	The Law	The-Law_44800	searched	3	135709	a9fad6a1d2f27cba65911e494816dcbe40c8b4d58a2f3ae43f95ca991e793d56
7213	Ford, Henry	My Life and Work	My-Life-and-Work_7213	searched	3	546251	e8b43cdc1b5363851b286c1daee8aa39d5acc264ed96bbafd0a7e4e79c36a1c2
46333	Rousseau, Jean-Jacques	The Social Contract & Discourses	The-Social-Contract-Discourses_46333	not-mirrored-on-gitenberg	3	0	
3300	Smith, Adam	An Inquiry into the Nature and Causes of the Wealth of Nations	An-Inquiry-into-the-Nature-and-Causes-of-the-Wealth-of-Nations_3300	searched	2	2276571	a4c14c88e2ecbc107907712a42502b3815d3f6d93b3ff0dcf0eb2fc7a59e304a
7412	Disraeli, Benjamin, Earl of Beaconsfield	Coningsby; Or, The New Generation	Coningsby-Or-The-New-Generation_7412	not-mirrored-on-gitenberg	2	0	
4705	Hume, David	A Treatise of Human Nature	A-Treatise-of-Human-Nature_4705	searched	2	1366088	5ed86d083837ad6fed815249401774cc3e26abcbe1d9886ad52f1ebd47bd29d5
2162	Goldman, Emma	Anarchism and Other Essays	Anarchism-and-Other-Essays_2162	searched	2	431916	afc77c738938fcbfcd646c95ce78e0d528378cabe0decaad4f65cf1bc4a6f96f
60315	Goldman, Emma	My Disillusionment in Russia	My-Disillusionment-in-Russia_60315	searched	2	323672	e47becb055453dbfda82add2246e1b60e266cacce25c87d4259fb40f96a82b05
7849	Kafka, Franz	The Trial	The-Trial_7849	searched	2	481118	062eb6b725281dee61843b75467394ea36b2999cca96ee417376cf9cf873ecd9
550	Eliot, George	Silas Marner	Silas-Marner_550	searched	2	420906	46b39559666acdce85bfbea4d98df3b3db0e044bcbacd22f4a55ba86be76a189
39713	Poincaré, Henri	The Foundations of Science: Science and Hypothesis, The Value of Science, Science and Method	The-Foundations-of-Science-Science-and-Hypothesis-The-Value-of-Science-Science-and-Method_39713	not-mirrored-on-gitenberg	2	0	
15	Melville, Herman	Moby-Dick; or, The Whale	Moby-Dick-or-The-Whale_15	not-mirrored-on-gitenberg	2	0	
14975	Wells-Barnett, Ida B.	Southern Horrors: Lynch Law in All Its Phases	Southern-Horrors-Lynch-Law-in-All-Its-Phases_14975	not-mirrored-on-gitenberg	2	0	
105	Austen, Jane	Persuasion	Persuasion_105	searched	2	495022	cce830b4ba2eb09dd95c49bd1a2b55db9d859f21064da933b7f3abab73d02ebe
1342	Austen, Jane	Pride and Prejudice	Pride-and-Prejudice_1342	searched	2	724725	48e0522844402a86a3ea98f0947ba85ea54838db3c59022299298ed968a5a163
30433	Rousseau, Jean-Jacques	Émile; Or, Concerning Education; Extracts	mile-Or-Concerning-Education-Extracts_30433	not-mirrored-on-gitenberg	2	0	
11224	Mill, John Stuart	Utilitarianism	Utilitarianism_11224	searched	2	185049	58532b59a4f45dd94ef5f92c96bb5d5acfad3e79aa36f3325d178029f7d03b4e
5740	Wittgenstein, Ludwig	Tractatus Logico-Philosophicus	Tractatus-Logico-Philosophicus_5740	not-mirrored-on-gitenberg	2	0	
3414	Amundsen, Roald	The South Pole; an account of the Norwegian Antarctic expedition in the "Fram," 1910-1912 — Volume 1	The-South-Pole-an-account-of-the-Norwegian-Antarctic-expedition-in-the-Fram-1910-1912-Volume-1_3414	searched	2	617778	485aeb80abb77c70eab2fe604a3f8fcefb5bf75d2c2927b60cc04a4cd4304cdd
3207	Hobbes, Thomas	Leviathan	Leviathan_3207	searched	2	1254881	db7e985a63a9ea2f9447a855471e10775f9d45e20a278ef395345778887c31aa
63107	Woolf, Virginia	Mrs Dalloway in Bond Street	Mrs-Dalloway-in-Bond-Street_63107	searched	2	38009	f527bc31bd1b276cdb35b79a0ecbb10a427cb8b14aae267d0f3265cd8a1fe460
30802	Blackstone, William, Sir	Commentaries on the Laws of England, Book the First	Commentaries-on-the-Laws-of-England-Book-the-First_30802	searched	2	1036127	df48c777d055d0000371d16a45e50240eee7061755edbcab1ee5fb88437cf5dd
17976	Carnegie, Andrew	Autobiography of Andrew Carnegie	Autobiography-of-Andrew-Carnegie_17976	searched	1	703043	aeb1854e1de25efa655be10676939b4bb6695d9ae1543f82608f676cfdb0a641
53852	Grimké, Angelina Emily	Letters to Catherine E. Beecher, in reply to an essay on slavery and abolitionism, addressed to A. E. Grimké	Letters-to-Catherine-E-Beecher-in-reply-to-an-essay-on-slavery-and-abolitionism-addressed-to-A-E-Grimk_53852	not-mirrored-on-gitenberg	1	0	
61741	Cooper, Anna J. (Anna Julia)	A Voice from the South	A-Voice-from-the-South-By-a-Black-Woman-of-the-South_61741	searched	1	386895	7aa9111255c407822c22094580ccd6fb423621a2590e92d4347decf5210c16c7
13415	Chekhov, Anton Pavlovich	The Lady with the Dog and Other Stories	The-Lady-with-the-Dog-and-Other-Stories_13415	searched	1	423164	fdd03ea6c74a0d7cc32b35fa60b8e6de863b35424e128df0cb9ac30fef777e38
3760	Disraeli, Benjamin, Earl of Beaconsfield	Sybil, Or, The Two Nations	Sybil-Or-The-Two-Nations_3760	searched	1	953264	3425b75155f8e41f2594b4c1405086b764c8c4ace6d5a750ddeb62e6555d519b
52877	Nightingale, Florence	Subsidiary Notes as to the Introduction of Female Nursing into Military Hospitals in Peace and War	Subsidiary-Notes-as-to-the-Introduction-of-Female-Nursing-into-Military-Hospitals-in-Peace-and-War_52877	not-mirrored-on-gitenberg	1	0	
5200	Kafka, Franz	Metamorphosis	Metamorphosis_5200	searched	1	141450	c9f7245e700dc729a652166b69eab4b8cba02006c14baf5e081b039507aa7853
6688	Eliot, George	The Mill on the Floss	The-Mill-on-the-Floss_6688	searched	1	1185830	9b489d9d8b9d48f06b38447ef37610209ace1464fb783456d0391e4211105f02
1408	White, Gilbert	The Natural History of Selborne	The-Natural-History-of-Selborne_1408	searched	1	510602	1760761444dd55fda691c1992e136fc15da229cd7079346bd371a91796f3fbaa
5157	Stanley, Henry M. (Henry Morton)	How I Found Livingstone	How-I-Found-Livingstone-Travels-adventures-and-discoveres-in-Central-Africa-including-an-account-of-four-months-residence-with-Dr-Livingstone-by-Henry-M-Stanley_5157	not-mirrored-on-gitenberg	1	0	
11231	Melville, Herman	Bartleby, the Scrivener: A Story of Wall-Street	Bartleby-the-Scrivener-A-Story-of-Wall-Street_11231	not-mirrored-on-gitenberg	1	0	
4280	Kant, Immanuel	The Critique of Pure Reason	The-Critique-of-Pure-Reason_4280	searched	1	1313936	9c2923a640da2590ae577632e7e21e802e3fdb9f59e42bbf8fad9bbcca248168
24650	Whistler, James McNeill	The Gentle Art of Making Enemies	The-Gentle-Art-of-Making-Enemies_24650	searched	1	345569	2f02c364173f4f4b9c768e865832648d577f2b2fa50d7a797617a04b8840b0d9
158	Austen, Jane	Emma	Emma_158	searched	1	927445	89b601ce13c21eca31766bdd1a554842fc9ecb7d3638cc769f41712a523e24cf
65278	Keynes, John Maynard	A Tract on Monetary Reform	A-Tract-on-Monetary-Reform_65278	searched	1	365079	eef5d9d86053bd28007552a9d83cf307d82dc37732ca575af8a583c00f836074
15776	Keynes, John Maynard	The Economic Consequences of the Peace	The-Economic-Consequences-of-the-Peace_15776	searched	1	452978	a44c1ed7110558c65238be64303fed6ec7e096ae6d68bfba1ed261542c586b7d
60749	Muir, John	A Thousand-Mile Walk to the Gulf	A-Thousand-Mile-Walk-to-the-Gulf_60749	searched	1	254191	8bd39b76410deca18b1ac7df4a8502b9b63cb155e8934ab3737ab1e3dfff0a7e
60929	Muir, John	Our National Parks	Our-National-Parks_60929	searched	1	583523	49004dd5157cdc8431814d62a8f79a6c4b265873e05128ba52999e22ac16b703
35898	Ruskin, John	The Seven Lamps of Architecture	The-Seven-Lamps-of-Architecture_35898	searched	1	489535	c75548d5c09fa94f9e69e8c62c147dc36dcaab866e93106cbdee38298c04f5d7
1399	Tolstoy, Leo, graf	Anna Karenina	Anna-Karenina_1399	searched	1	2068089	ed44f47853a75d27009a011ae6d243fa89b8e03806b1dfcc66c1a80658d6b0c4
46915	Leonardo, da Vinci	A Treatise on Painting	A-Treatise-on-Painting_46915	searched	1	449122	a760ee101a93dae93430f0cca9a213ac01dd97f807699ea16611aea65432db9a
57819	Brandeis, Louis Dembitz	Other People's Money, and How the Bankers Use It	Other-People-s-Money-and-How-the-Bankers-Use-It_57819	searched	1	298590	1dfd8003674ab35196d478f8a985e61279f7f956b850418d88bc7bd1302143d7
37368	Brandeis, Louis Dembitz	The Right to Privacy	The-Right-to-Privacy_37368	searched	1	104187	da3ebf9d8d15e4be6851dcfc278c35e528594e6f1108d4d76ca5566e671646e1
8660	Sanger, Margaret	Woman and the New Race	Woman-and-the-New-Race_8660	searched	1	275615	9e0c8264237f053e449e2129875a0a955d3b726a48a12d3f0473bb35a4c43a88
2449	Holmes, Oliver Wendell	The Common Law	The-Common-Law_2449	searched	1	764854	0e7701fa451e5ebf99587628b90f10fe09fd7d9c6f4f532d006990d4b525ae78
6340	Leacock, Stephen	Literary Lapses	Literary-Lapses_6340	searched	1	257228	ce82ef16ae230fb4c916e7589fe56dff76ab04b2f0b65ba68f6a05bccafa9498
5321	Kandinsky, Wassily	Concerning the Spiritual in Art	Concerning-the-Spiritual-in-Art_5321	searched	1	180213	4a2b94815d8f73b164262d2784c6a19e44ce7a58fac56fdce62b54da514330bc
