batch	line	reported_source	evidence_url
batch_0001	30752	Letters and Social Aims (1875), 'Social Aims'	https://quotepark.com/quotes/1730037 - cites Letters and Social Aims; Emerson quotes Miss C. F. Forbes's remark in 'Social Aims'
batch_0003	38595	'On Nicknames', in Sketches and Essays / Men and Manners (1852 collection)	https://libquotes.com/william-hazlitt/quote/lbn1q0f - cites Hazlitt's essay 'On Nicknames'; note Hazlitt's wording is 'the heaviest stone that the devil can throw at a man'
batch_0004	24248	Conversations of Lord Byron with the Countess of Blessington (1834)	https://libquotes.com/lord-byron/quote/lbb3i4u - attributed to Lady Blessington's Conversations of Lord Byron (1834), a contemporary's first-hand record
batch_0004	24254	Childe Harold's Pilgrimage (1816), canto III, st. 32	https://quotefancy.com/quote/2347697/Matt-Haig-And-thus-the-heart-will-break-yet-brokenly-live-on-Lord-Byron-Childe-Harold-s - original line 'And thus the heart will break, yet brokenly live on' identified as Childe Harold's Pilgrimage III.32
batch_0007	32009	Reflections and Remarks on Human Life (1878)	https://libquotes.com/robert-louis-stevenson/quote/lbq7r4h - sourced quotation page citing 'Reflections and Remarks on Human Life'
batch_0007	38815	The Excursion (1814), Book IV	https://www.goodreads.com/quotes/569684-faith-is-a-passionate-intuition - search result locating the fuller passage in The Excursion: 'faith become / A passionate intuition'; the pithy form is a condensation of that line
batch_0008	895	La Peste / The Plague (1947)	https://www.goodreads.com/work/quotes/2058116-la-peste - passage quoted from the novel The Plague (1947), spoken by Dr Rieux/Tarrou in the text
batch_0008	904	L'Homme revolte / The Rebel (1951)	https://www.goodreads.com/work/quotes/486408-l-homme-r-volt - the passage appears among quotations from The Rebel, in its concluding discussion of limits
batch_0008	914	La Chute / The Fall (1956)	https://www.goodreads.com/work/quotes/3324245-la-chute?page=2 - line listed among quotations from The Fall, with its continuation about crime and lawyers
batch_0008	17478	'Shakespeare Once More' (1868), in Among My Books	https://www.goodreads.com/quotes/9294046-one-thorn-of-experience-is-worth-a-whole-wilderness-of - sourced to Lowell's essay 'Shakespeare Once More' in Among My Books / Literary Essays vol. II
batch_0008	21234	The Spectator (1711-12)	https://libquotes.com/joseph-addison/works/the-spectator/3 - line listed among quotations from Addison's Spectator papers
batch_0008	21244	The Spectator, no. 583 (20 August 1714)	https://libquotes.com/joseph-addison/quote/lbf5r1m - cites The Spectator no. 583 (20 Aug 1714), where Addison reports the jest of an 'old fellow of a colledge'
batch_0008	31769	Remark quoted in Sidney Cox, A Swinger of Birches: A Portrait of Robert Frost (1957)	https://www.goodreads.com/quotes/15633-love-is-an-irresistible-desire-to-be-irresistibly-desired - search summary indicates the quote is recorded in Sidney Cox's memoir 'A Swinger of Birches' (1957), a contemporary's first-hand record
batch_0009	25045	In Search of Lost Time, vol. 6: The Fugitive / The Sweet Cheat Gone (Albertine disparue) (1925)	https://libquotes.com/marcel-proust/quote/lbc5w5m - quotation site citing The Sweet Cheat Gone (Albertine disparue) for 'We are healed of a suffering only by experiencing it to the full'
batch_0009	25048	In Search of Lost Time, vol. 6: The Fugitive (Albertine disparue) (1925)	https://www.goodreads.com/quotes/359143-let-us-leave-pretty-women-to-men-with-no-imagination - aggregator (not evidence) attributing the line to The Captive / The Fugitive; the sentence 'Laissons les jolies femmes aux hommes sans imagination' is in Albertine disparue
batch_0009	25049	In Search of Lost Time, vol. 6: The Fugitive (Albertine disparue) (1925)	https://libquotes.com/marcel-proust/quote/lbq6f3v - quotation site citing Remembrance of Things Past: The Captive / The Fugitive / Time Regained volume; the sentence 'Le temps passe, et peu à peu tout ce qu'on disait par mensonge devient vrai' is in Albertine disparue
batch_0009	25050	In Search of Lost Time, vol. 3: The Guermantes Way (Le Côté de Guermantes) (1920-21), part I (Dr du Boulbon's visit to the grandmother)	https://www.goodreads.com/quotes/7411023-with-intelligent-people-three-quarters-of-the-things-they-suffer-from - aggregator (not evidence) gives the Moncrieff-style translation 'With intelligent people, three-quarters of the things they suffer from come from their intelligence' and assigns it to In Search of Lost Time (listed there under Young Girls in Flower; the du Boulbon scene is in The Guermantes Way)
batch_0009	25051	In Search of Lost Time, vol. 1: Swann's Way (Du côté de chez Swann) (1913), part II 'Swann in Love'	https://www.brainyquote.com/quotes/marcel_proust_131216 - only aggregators found (not evidence); the sentence describes Swann ('Like everyone who is not in love, he imagined that one chose the person whom one loved after endless deliberations') in 'Un amour de Swann'
batch_0009	25052	In Search of Lost Time, vol. 1: Swann's Way (Du côté de chez Swann) (1913), 'Combray'	https://www.goodreads.com/quotes/2978-like-many-intellectuals-he-was-incapable-of-saying-a-simple - only aggregators found (not evidence); the sentence ('Comme beaucoup d'intellectuels, il était incapable de dire une chose simple d'une façon simple') describes Legrandin in Combray
batch_0009	25061	In Search of Lost Time, vol. 2: Within a Budding Grove (À l'ombre des jeunes filles en fleurs) (1919), part II (Elstir speaking)	https://www.goodreads.com/quotes/101452-we-do-not-receive-wisdom-we-must-discover-it-for - aggregator (not evidence) giving the longer passage from In the Shadow of Young Girls in Flower; it is part of Elstir's speech that also contains row 25044
batch_0009	25062	In Search of Lost Time, vol. 5: The Captive (La Prisonnière) (1923), part 2, ch. 3	https://www.brainyquote.com/quotes/marcel_proust_401575 - search result carries the Columbia-dictionary-style citation 'Remembrance of Things Past, vol. 10, The Captive, pt. 2, ch. 3 (1923)'
batch_0009	25065	In Search of Lost Time, vol. 4: Sodom and Gomorrah (Sodome et Gomorrhe) (1921-22)	https://www.brainyquote.com/quotes/marcel_proust_391087 - only aggregators found (not evidence); search result assigns the line to In Search of Lost Time: Sodom and Gomorrah, matching the French 'L'habitude est une seconde nature qui nous empêche de connaître la première' in Sodome et Gomorrhe
batch_0009	32566	'If—' (1910), poem in Rewards and Fairies (paraphrase of the opening and closing lines)	https://www.goodreads.com/quotes/912425-if-you-can-keep-your-wits-about-you-while-all - aggregators only carry this wording; it is a loose paraphrase of the first and last lines of Kipling's poem 'If—' ('If you can keep your head when all about you / Are losing theirs and blaming it on you... Yours is the Earth and everything that's in it, / And—which is more—you'll be a Man, my son!')
batch_0009	34441	Philoctetes (409 BC), ll. 94-95 (Neoptolemus), paraphrase	https://www.brainyquote.com/quotes/sophocles_101515 - only aggregators found for this wording; it is a condensed rendering of Neoptolemus' line 'I would rather fail with honour than win by cheating' (Philoctetes 94-95), the same passage as row 34434
batch_0009	34450	Oedipus the King (c. 429 BC), l. 617 (Creon: 'φρονεῖν γὰρ οἱ ταχεῖς οὐκ ἀσφαλεῖς')	https://www.brainyquote.com/quotes/sophocles_117986 - only aggregators found for this wording; it renders Creon's line at Oedipus the King 617 ('those who are quick in judgement are not safe')
batch_0009	34456	Electra (c. 410s BC), l. 945 (Electra: 'πόνου τοι χωρὶς οὐδὲν εὐτυχεῖ')	https://www.goodreads.com/quotes/889425-without-labor-nothing-prospers - only aggregators found for this wording; it is the standard rendering of Electra's line at Electra 945 ('nothing succeeds without toil')
batch_0009	37608	Georgics (29 BC), Book 3, l. 284: 'sed fugit interea, fugit inreparabile tempus'	https://www.brainyquote.com/quotes/virgil_145504 - only aggregators found for this wording; search result identifies Georgics 3.284 ('fugit inreparabile tempus'), the origin of 'tempus fugit'
batch_0009	37609	Georgics (29 BC), Book 3, ll. 66-67: 'optima quaeque dies miseris mortalibus aevi prima fugit'	https://www.brainyquote.com/quotes/virgil_145407 - only aggregators found for this wording; it is a free rendering of Georgics 3.66-67 ('the best days of life are the first to flee for wretched mortals')
batch_0009	37610	Georgics (29 BC), Book 3, l. 284: 'fugit inreparabile tempus'	https://www.goodreads.com/quotes/870112-time-passes-irrevocably - only aggregators found for this wording; it is a condensed rendering of Georgics 3.284 ('fugit inreparabile tempus'), the same passage as row 37608
batch_0009	37612	Aeneid (19 BC), Book 5, ll. 163-164 (Gyas to Menoetes): 'litus ama et laevas stringat sine palmula cautes; altum alii teneant'	https://www.goodreads.com/quotes/877835-hug-the-shore-let-others-try-the-deep - only aggregators found; the wording is a translation of Gyas' order in the boat race, Aeneid 5.163-164 ('litus ama... altum alii teneant')
batch_0009	37615	Aeneid (19 BC), Book 5, l. 710: 'superanda omnis fortuna ferendo est'	https://www.brainyquote.com/quotes/virgil_145417 - only aggregators found for this wording; it is a variant translation of Nautes' line at Aeneid 5.710, the same passage as row 37606 (documented at https://wist.info/virgil/56090/)
batch_0009	37627	Aeneid (19 BC), Book 2, l. 390 (Coroebus): 'dolus an virtus, quis in hoste requirat?'	https://www.brainyquote.com/quotes/virgil_145505 - only aggregators found for this wording; it is the standard rendering of Coroebus' line at Aeneid 2.390 ('dolus an virtus, quis in hoste requirat?')
batch_0009	37830	A Writer's Notebook (1949)	https://www.goodreads.com/work/quotes/1548581-a-writer-s-notebook - aggregator (not evidence) listing the fuller passage (on impediments to love and satiety) under A Writer's Notebook; search results identify A Writer's Notebook as the source
batch_0010	7835	The Analects (Lunyu), Book XVII, ch. 6	https://www.goodreads.com/quotes/282731-to-be-able-under-all-circumstances-to-practice-five-things - the wording is James Legge's translation of Analects XVII.6 ('To be able to practise five things everywhere under heaven constitutes perfect virtue... gravity, generosity of soul, sincerity, earnestness, and kindness'); no citation-tracking site surfaced, identification rests on the Legge text
batch_0010	10670	The Note Book of Elbert Hubbard (1927), p. 112	https://quotepark.com/quotes/1184527-elbert-hubbard-your-friend-is-the-man-who-knows-all-about-you-an/ - reproduces the Wikiquote citation to The Note Book of Elbert Hubbard (1927), p. 112 ('Your friend is the man who knows all about you, and still likes you')
batch_0010	20466	The Affluent Society (1958), ch. 2 'The Concept of the Conventional Wisdom'	https://www.goodreads.com/quotes/21701-the-conventional-view-serves-to-protect-us-from-the-painful - results tie the line to The Affluent Society's chapter on conventional wisdom; no citation-tracking site surfaced, identification rests on the book's ch. 2
batch_0010	20482	The Affluent Society (1958), ch. 9, sec. II, p. 103	https://quotepark.com/works/the-affluent-society-10044/ - reproduces the Wikiquote citation: The Affluent Society (1958) ch. 9, sec. II, p. 103: 'Although there is much malnutrition in the world, more die in the United States of too much food than of too little'
batch_0010	21118	A Tritical Essay upon the Faculties of the Mind (1707)	https://www.azquotes.com/quote/900131 - the original wording 'There is nothing in this world constant, but inconstancy' is cited to A Critical (Tritical) Essay upon the Faculties of the Mind; no citation-tracking site surfaced, identification rests on the essay's text
batch_0010	21120	A Complete Collection of Genteel and Ingenious Conversation (Polite Conversation) (1738), Dialogue II	https://www.goodreads.com/quotes/132463-the-best-doctors-in-the-world-are-doctor-diet-doctor - only aggregators surfaced; the line appears in Polite Conversation, Dialogue II, where Swift records it as a current proverb (the 'three doctors' saying predates him, from the Regimen Sanitatis Salernitanum)
batch_0011	37931	Preface to Leaves of Grass (1855); reprinted in Complete Prose Works (1892), 'Collect'	https://www.goodreads.com/quotes/8760794-what-ever-satisfies-the-soul-is-truth - search result cites Prose Works 1892, Volume II: Collect (which reprints the 1855 Preface containing the line 'whatever satisfies the soul is truth')
batch_0012	11546	A Moveable Feast (1964), ch. 'Scott Fitzgerald'	https://www.goodreads.com/quotes/1308533-never-go-on-trips-with-anyone-you-do-not-love - Goodreads entry tagged to A Moveable Feast: The Restored Edition, p. 144 (the Lyon trip with Fitzgerald)
batch_0017	17381	Letter to Lady Gregory (22 November 1902), quoted in Richard Ellmann, James Joyce (1959)	https://libquotes.com/james-joyce/quote/lbx8w0r - cites the letter of 22 November 1902 announcing his departure from Ireland, as quoted in Ellmann's James Joyce (1959)
batch_0018	37664	Diary entry (1930), published in The Diary of Virginia Woolf, Volume Three: 1925-1930 (1980)	https://www.goodreads.com/work/quotes/2453694-the-diary-of-virginia-woolf-volume-iii-1925-1930 - listed among quotes from Diary vol. III; Woolf's diary is her own first-hand record, exact entry date not captured
batch_0019	5803	Psychological Types (1921), Conclusion (p. 628, Baynes tr. 1923)	https://www.goodreads.com/quotes/152095-we-should-not-pretend-to-understand-the-world-only-by - entry cites Psychological Types, or, The Psychology of Individuation, Conclusion p. 628 (only source found giving a locator)
batch_0019	12210	Emblems (1635)	https://www.quotegarden.com/roses-thorns.html - quotes the full stanza ('Well, sleep thy fill, and take thy soft reposes; But know withal, sweet tastes have sour closes; And he repents in thorns, that sleeps in beds of roses') from Emblems, Divine and Moral (1859 ed.)
batch_0020	25238	The Downing Street Years (1993), ch. 1	https://www.goodreads.com/work/quotes/24892328-the-autobiography - quotes the passage ('Being Prime Minister is a lonely job. In a sense, it ought to be: you cannot lead from the crowd. But with Denis there I was never alone') from Margaret Thatcher: The Autobiography (2013), the abridgement of The Downing Street Years (1993), where it opens the first chapter
batch_0023	9298	'In Africa, a step backward on human rights', op-ed in The Washington Post (12 March 2010)	https://www.brainyquote.com/quotes/desmond_tutu_454145 - search result identifies the line as from Tutu's Washington Post op-ed 'In Africa, a step backward on human rights', 12 March 2010 (same op-ed as rows 9292/9294)
batch_0023	9919	Campaign speech (1952), as quoted in Time (6 October 1952)	https://www.brainyquote.com/quotes/dwight_d_eisenhower_162226 - search result identifies it as from a 1952 campaign speech quoted in Time magazine, 6 October 1952 (the citation Wikiquote gives)
batch_0023	10880	As recorded in Frederick Chamberlin, The Sayings of Queen Elizabeth (1923), p. 20	https://www.goodreads.com/quotes/5777791-a-clear-and-innocent-conscience-fears-nothing - search result cites Frederick Chamberlin, The Sayings of Queen Elizabeth (John Lane, 1923), p. 20, the citation Wikiquote uses for this saying
batch_0023	10893	Remark to Sir Henry Sidney, as recorded in Frederick Chamberlin, The Sayings of Queen Elizabeth (1923), ch. 11	https://www.azquotes.com/quote/88353 - search result gives the Wikiquote citation: Chamberlin, The Sayings of Queen Elizabeth (1923), ch. 11, addressed to Sir Henry Sidney, governor of Ireland
batch_0025	21273	The Power of Myth (1988), ch. 1 'Myth and the Modern World'	https://www.goodreads.com/work/quotes/971052-the-power-of-myth - passage listed under The Power of Myth; it continues the 'experience of being alive' passage from the Moyers interview (episode 2)
batch_0025	22958	Slaughterhouse-Five (1969), ch. 4	https://www.goodreads.com/quotes/70613-well-here-we-are-mr-pilgrim-trapped-in-the-amber - full wording 'Well, here we are, Mr. Pilgrim, trapped in the amber of this moment. There is no why' from Slaughterhouse-Five (Tralfamadorian speech to Billy Pilgrim)
batch_0025	23610	Iacocca: An Autobiography (1984)	https://www.goodreads.com/work/quotes/474603-iacocca-an-autobiography - passage listed under Iacocca: An Autobiography with its continuation 'there's something about putting your thoughts on paper...'
batch_0026	29015	The Big Brass Ring (screenplay written 1981–82, published 1987)	https://www.goodreads.com/quotes/139273-if-you-want-a-happy-ending-that-depends-of-course - quotation sites cite the line to Welles's screenplay The Big Brass Ring (spoken by Kim Menaker); no citation-tracking reference located in this search
batch_0026	32989	'Dante... Bruno. Vico.. Joyce' (1929), in Our Exagmination Round His Factification for Incamination of Work in Progress; reprinted in Disjecta (1983)	https://libquotes.com/samuel-beckett/quote/lbq4x6w - cites Disjecta: Miscellaneous Writings and a Dramatic Fragment, which reprints the 1929 essay containing the sentence (Beckett summarising Vico)
batch_0026	32992	From an Abandoned Work (1956; in The Complete Short Prose 1929–1989, 1995)	https://libquotes.com/samuel-beckett/quote/lbr1j6a - quotation sites cite The Complete Short Prose 1929–1989 (Grove Press, 1995); the sentence is from From an Abandoned Work
batch_0026	32998	Malone Dies (Malone meurt, 1951; English 1956)	https://www.goodreads.com/book/show/12279.Molloy_Malone_Dies_The_Unnamable - quotation cited to the Three Novels volume; the sentence occurs in Malone Dies
batch_0029	827	As quoted in Life magazine (21 April 1961)	https://www.goodreads.com/quotes/4839-trying-to-define-yourself-is-like-trying-to-bite-your - search results report the line as quoted in Life magazine, 21 April 1961 (the citation given on Wikiquote's Alan Watts page)
batch_0029	836	Article, The Guardian, 'Bipolar disorder doesn't just affect film stars'	https://www.brainyquote.com/authors/alastair-campbell-quotes - search results identify the line as from Campbell's Guardian comment piece 'Bipolar disorder doesn't just affect film stars'
batch_0031	1532	Stage-Coach and Tavern Days (1900), ch. 2 'The Tavern Landlord', p. 46	https://libquotes.com/alice-morse-earle - sourced-quotes listing citing Stage-coach and Tavern Days p. 46
batch_0031	1957	The Four-Chambered Heart (1950)	https://libquotes.com/ana%C3%AFs-nin/quote/lbh6t3h - sourced-quote listing citing The Four-Chambered Heart
batch_0033	2348	'My Medical Choice', op-ed in The New York Times (14 May 2013)	https://www.azquotes.com/quote/598022 - search results tie the line to Jolie's 2013 published account of her mastectomy (the New York Times op-ed 'My Medical Choice', whose closing lines these are)
batch_0033	2535	The Diary of a Young Girl (1947), entry of 8 November 1943	https://www.goodreads.com/quotes/193848-if-i-read-a-book-that-impresses-me-i-have - search summary dates the line to the 8 November 1943 entry of the diary
batch_0033	2539	Gift from the Sea (1955), ch. 'A Few Shells'	https://www.goodreads.com/work/quotes/37467-gift-from-the-sea - listed among Gift from the Sea quotations; the passage opens the chapter 'A Few Shells'
batch_0033	2540	Gift from the Sea (1955), ch. 'Moon Shell'	https://www.goodreads.com/work/quotes/37467-gift-from-the-sea?page=5 - listed among Gift from the Sea quotations; the passage answering Donne's 'No man is an island' is in the 'Moon Shell' chapter
batch_0038	4284	Interview, The Huffington Post, ''Moneyball' Godfather Bill James Tackles Politics In Super PAC Age' by Sam Stein (15 June 2012)	https://www.brainyquote.com/authors/bill-james-quotes - search result summary attributes the line to Sam Stein's 15 June 2012 Huffington Post interview with James
batch_0038	4503	Black Elk Speaks (1932), ch. 3 'The Great Vision'	https://libquotes.com/black-elk/quote/lbs2u8o - Lib Quotes sourced entry gives the fuller passage ('My bay had lightning stripes all over him and his mane was cloud. And when I breathed, my breath was lightning') from Black Elk Speaks
batch_0038	4515	Black Elk Speaks (1932)	https://www.goodreads.com/work/quotes/3813941-black-elk-speaks - book-specific quotes page for Black Elk Speaks carries the passage
batch_0041	5289	Interview with Christina Radish, Collider (28 August 2011)	https://www.brainyquote.com/authors/britt_robertson - search summary identifies the quote as from Christina Radish's Collider interview of 28 Aug 2011 about The Secret Circle; the Collider page itself was not in the result list
batch_0042	5858	The People, Yes (1936)	https://libquotes.com/carl-sandburg/works/the-people,-yes - Lib Quotes' sourced list for The People, Yes includes the line; search results consistently place it in that work
batch_0043	5987	Elle magazine interview by Mickey Rapkin, 'I'm Living Proof That the Good Guys Win' (April 2012)	https://www.azquotes.com/quote/71249 - aggregator cites the Elle.com April 2012 Mickey Rapkin interview; the same Elle 2012 interview is independently confirmed by NBC's report for the companion quote (row 5986), and its title matches row 5989
batch_0043	5989	Elle magazine interview by Mickey Rapkin, 'I'm Living Proof That the Good Guys Win' (19 April 2012)	https://www.azquotes.com/author/3600-Carson_Daly - aggregator cites the Elle.com 19 April 2012 Mickey Rapkin interview, whose title is this quote; the Elle 2012 interview is independently confirmed by NBC's report for row 5986
batch_0043	5990	Elle magazine interview by Mickey Rapkin, 'I'm Living Proof That the Good Guys Win' (19 April 2012)	https://www.brainyquote.com/quotes/carson_daly_465156 - aggregator cites the Elle.com 19 April 2012 Mickey Rapkin interview; the Elle 2012 interview is independently confirmed by NBC's report for row 5986
batch_0043	5994	Elle magazine interview by Mickey Rapkin, 'I'm Living Proof That the Good Guys Win' (19 April 2012)	https://www.azquotes.com/author/3600-Carson_Daly - aggregator cites the Elle.com 19 April 2012 Mickey Rapkin interview; the Elle 2012 interview is independently confirmed by NBC's report for row 5986
batch_0043	6124	The Guardian, 'The gentle art of showing off', interview by Sally Vincent (March 2005)	https://www.inspiringquotes.us/author/6948-celia-imrie - aggregator cites the Guardian interview by Sally Vincent; theguardian.com is blocked for the search tool so the page could not be checked directly, but the same 2005 Guardian profile is cited consistently for rows 6127 and 6133
batch_0043	6127	The Guardian, 'The gentle art of showing off', interview by Sally Vincent (March 2005)	https://www.azquotes.com/quote/994885 - aggregator cites the Guardian interview by Sally Vincent; theguardian.com is blocked for the search tool so the page could not be checked directly
batch_0043	6133	The Guardian interview (March 2005)	https://www.azquotes.com/author/36567-Celia_Imrie - aggregator cites a Guardian interview of March 2005 (the Sally Vincent profile 'The gentle art of showing off'); theguardian.com is blocked for the search tool so the page could not be checked directly
batch_0044	6264	On the Economy of Machinery and Manufactures (1832), ch. 2 'Accumulating Power'	https://libquotes.com/charles-babbage/quote/lbl7z3y - cites On the Economy of Machinery and Manufactures (1832) for the watch-winding passage
batch_0044	6265	On the Economy of Machinery and Manufactures (1832), ch. 1	https://libquotes.com/charles-babbage/quote/lbl0b1l - cites Babbage's 1832 work on machinery (an earlier form appeared in his 1827 essay on the application of machinery to manufactures)
batch_0044	6266	On the Economy of Machinery and Manufactures (1832), ch. 4 'Increase and Diminution of Velocity'	https://libquotes.com/charles-babbage - listed among Babbage's sourced quotations from On the Economy of Machinery and Manufactures (1832)
batch_0044	6277	On the Economy of Machinery and Manufactures (1832), ch. 1	https://libquotes.com/charles-babbage/quotes/machine - lists the passage among Babbage's sourced quotations from On the Economy of Machinery and Manufactures
batch_0044	6279	On the Economy of Machinery and Manufactures (1832)	https://libquotes.com/charles-babbage/quotes/machine - lists the passage among Babbage's sourced quotations from On the Economy of Machinery and Manufactures
batch_0044	6342	Letter to Susan Darwin (4 August 1836), in The Life and Letters of Charles Darwin (1887)	https://libquotes.com/charles-darwin/quote/lbj3e6e - cites the letter to his sister Susan of 4 August 1836 as printed in The Life and Letters of Charles Darwin (1887)
batch_0044	6361	Letter to A. Stephen Wilson (5 March 1879), in More Letters of Charles Darwin, vol. 2 (1903)	https://libquotes.com/charles-darwin/quote/lbv0v9f - cites More Letters of Charles Darwin, vol. 2 for the passage
batch_0046	6910	Things Fall Apart (1958), ch. 11	https://libquotes.com/chinua-achebe/works/things-fall-apart - LibQuotes lists the line among Things Fall Apart quotations (Tortoise in Ekwefi's folk tale: 'I have learned that a man who makes trouble for others is also making trouble for himself')
batch_0048	7420	Fight Club (1996), ch. 16	https://www.goodreads.com/work/quotes/68729-fight-club - listed among Fight Club quotes; the novel's text reads 'We don't have a great war in our generation, or a great depression, but we do, we have a great war of the spirit... The great depression is our lives'; the corpus wording follows the 1999 film adaptation
batch_0048	7431	Fight Club (1996)	https://www.goodreads.com/quotes/2075-you-have-to-give-up-you-have-to-give-up - search shows the corpus line is a condensed form of the novel's 'You have to give up... You have to realize that someday you will die. Until you know that, you are useless'; only community listings surfaced, novel identification rests on the text itself
batch_0048	7438	Survivor (1999)	https://www.goodreads.com/quotes/135729-people-used-what-they-called-a-telephone-because-they-hated - search results attribute the line to the novel Survivor (novel wording: '...they were too scared of being alone'); only community listings surfaced
batch_0048	7442	Choke (2001)	https://www.goodreads.com/work/quotes/3185242-choke - listed among Choke quotes (narrator Victor Mancini); only community listings surfaced
batch_0048	7443	Fight Club (1996)	https://www.goodreads.com/work/quotes/68729-fight-club - listed among Fight Club quotes; the passage follows the narrator's imagined exchange with God in the final chapter; only community listings surfaced
batch_0048	7523	Interview with Glamour magazine, 'Glamour's January Cover Star Claire Danes on Why She's Happier in Her 30s' (January 2014 issue)	https://www.brainyquote.com/quotes/claire_danes_587183 - search summary identifies the Glamour January cover-story interview as the source; Glamour page itself not returned
batch_0048	7528	'Q&A' interview with Rosanna Greenstreet, The Guardian (14 January 2011)	https://www.azquotes.com/author/16290-Clare_Balding - search summary identifies the Guardian Q&A of 14 Jan 2011 (Rosanna Greenstreet) as the source; Guardian page itself not returned
batch_0048	7534	Interview with Andrew Anthony, The Guardian (8 December 2012)	https://www.azquotes.com/author/16290-Clare_Balding - search summary identifies Andrew Anthony's Guardian interview of 8 Dec 2012 as the source; Guardian page itself not returned
batch_0048	7535	Interview with Donald McRae, The Guardian (17 September 2012)	https://www.azquotes.com/author/16290-Clare_Balding - search summary identifies Donald McRae's Guardian interview of 17 Sept 2012 as the source; Guardian page itself not returned
batch_0048	7542	Interview with Kira Cochrane, The Guardian	https://www.azquotes.com/author/16290-Clare_Balding - search summary identifies Kira Cochrane's Guardian interview as the source (date not given); Guardian page itself not returned
batch_0048	7545	Interview with Alex Clark, The Guardian (15 September 2012)	https://www.azquotes.com/author/16290-Clare_Balding - search summary identifies Alex Clark's Guardian interview of 15 Sept 2012 as the source; Guardian page itself not returned
batch_0048	7605	Any Number Can Play (1957)	https://libquotes.com/clifton-fadiman/quote/lbw8m2r - Lib Quotes sourced entry citing Any Number Can Play (1957)
batch_0048	7615	Reader's Digest (September 1956)	https://libquotes.com/clifton-fadiman/quote/lby1p4s - Lib Quotes sourced entry; search summary reports the attribution to Reader's Digest, September 1956
batch_0048	7617	Any Number Can Play (1957)	https://www.quotes.net/authors/Clifton+Paul+Fadiman - search summary reports the quote is from Any Number Can Play (World Publishing, Cleveland, 1957)
batch_0048	7618	Wine Buyers Guide (1977), with Sam Aaron	https://www.goodreads.com/quotes/81869-a-bottle-of-wine-begs-to-be-shared-i-have - search summary reports the line appears in the 1977 Wine Buyers Guide by Fadiman, Sam Aaron and Darlene Geis; listings otherwise aggregators
batch_0048	7620	Party of One: The Selected Writings of Clifton Fadiman (1955)	https://libquotes.com/clifton-fadiman - search summary reports the Faulkner remark appears in Party of One (1955)
batch_0052	8542	How We Are Hungry (2004)	https://libquotes.com/dave-eggers/quote/lbe9e8b - Lib Quotes sourced entry attributing the line to How We Are Hungry
batch_0054	9405	Interview by Sam Bellikoff, 'Dianna Agron on Life, Glee, and the Paparazzi', Interview Magazine (18 February 2011)	https://www.brainyquote.com/quotes/dianna_agron_502630 - search result attributes the line to the Interview Magazine interview of 18 February 2011 (https://www.interviewmagazine.com/film/dianna-agron-glee-i-am-number-four)
batch_0055	9733	Life, the Universe and Everything (1982)	https://www.goodreads.com/quotes/3156-the-guide-says-there-is-an-art-to-flying-said - the original passage reads 'there is an art to flying, or rather a knack. The knack lies in learning how to throw yourself at the ground and miss' in Life, the Universe and Everything
batch_0055	9736	The Restaurant at the End of the Universe (1980), ch. 1 (opening lines)	https://www.goodreads.com/work/quotes/1877624-the-restaurant-at-the-end-of-the-universe - book quote page; the line is the novel's opening ('The story so far: In the beginning the Universe was created...')
batch_0055	9737	Mostly Harmless (1992)	https://www.quotes.net/quote/34668 - attributes the line to Mostly Harmless
batch_0055	9746	The Hitchhiker's Guide to the Galaxy (1979), ch. 1	https://www.goodreads.com/quotes/13822-this-must-be-thursday-said-arthur-to-himself-sinking-low - the full sentence ('This must be Thursday,' said Arthur to himself, sinking low over his beer...) is Arthur Dent's line in the pub scene of the first novel
batch_0055	9749	The Hitchhiker's Guide to the Galaxy (1979)	https://www.goodreads.com/quotes/889730-if-somebody-thinks-they-re-a-hedgehog-presumably-you-just-give - attributed to The Hitchhiker's Guide to the Galaxy; no citation-tracking reference with a chapter located
batch_0055	9751	The Hitchhiker's Guide to the Galaxy (1979)	https://libquotes.com/douglas-adams/quote/lbh7i7l - attributes the line to The Hitchhiker's Guide to the Galaxy (the Infinite Improbability Drive scene)
batch_0055	9752	Dirk Gently's Holistic Detective Agency (1987)	https://www.goodreads.com/quotes/136954-it-is-a-rare-mind-indeed-that-can-render-the - attributed to Dirk Gently's Holistic Detective Agency
batch_0055	9753	Life, the Universe and Everything (1982)	https://www.quoteslyfe.com/quote/He-hoped-and-prayed-that-there-wasn-5722 - attributes it to Life, the Universe and Everything
batch_0055	9755	The Hitchhiker's Guide to the Galaxy (1979), ch. 1	https://www.goodreads.com/quotes/922987-the-mere-thought-growled-mr-prosser-hadn-t-even-begun-to - the line is Mr Prosser's in the opening bulldozer scene of the novel; also in The Original Hitchhiker Radio Scripts (1985)
batch_0055	9824	Address to the Michigan Legislature, Lansing (15 May 1952)	https://www.goodreads.com/author/quotes/317613.Douglas_MacArthur - search identifies the source as MacArthur's speech to the Michigan Legislature, Lansing, 15 May 1952 (as printed in his collected speeches)
batch_0055	9839	Address to the annual stockholders meeting of Sperry Rand Corporation, New York (30 July 1957), printed in General MacArthur Speeches and Reports 1908-1964	https://quotefancy.com/quote/795566/Douglas-MacArthur-It-is-part-of-the-general-pattern-of-misguided-policy-that-our-country - aggregator text of the full sentence; the search for the companion quote (row 9843) identified the 30 July 1957 Sperry Rand address as the source of this passage on the arms economy and propaganda of fear
batch_0055	9843	Address to the annual stockholders meeting of Sperry Rand Corporation, New York (30 July 1957), printed in General MacArthur Speeches and Reports 1908-1964	https://www.brainyquote.com/quotes/douglas_macarthur_143233 - aggregator text; search identified the source as the 30 July 1957 Sperry Rand stockholders address as printed in General MacArthur Speeches and Reports 1908-1964
batch_0056	9857	One Fish Two Fish Red Fish Blue Fish (1960)	https://www.goodreads.com/quotes/19784-from-there-to-here-from-here-to-there-funny-things - only aggregators returned; the line is the verbatim opening verse of One Fish Two Fish Red Fish Blue Fish (book text: 'From there to here, from here to there')
batch_0056	9988	The Elements of Style (1959), ch. V 'An Approach to Style', reminder 'Be clear'	https://www.goodreads.com/quotes/338720-be-obscure-clearly-be-wild-of-tongue-in-a-way - search identified The Elements of Style (Strunk and White) as the source; the sentence 'Be obscure clearly! Be wild of tongue in a way we can understand!' is verbatim text of White's chapter 'An Approach to Style'
batch_0056	9993	'The Practical Farmer' (October 1940), in One Man's Meat (1942)	https://libquotes.com/e-b-white/quote/lbj1t3r - search identified 'The Practical Farmer' (October 1940), collected in One Man's Meat (1942); only quote sites returned as evidence
batch_0056	10023	Introduction to Collected Poems (1938)	https://libquotes.com/e-e-cummings/quote/lbx5r6r - search identified the line as the close of Cummings's introduction to Collected Poems (1938); Wikiquote lists it under the same introduction
batch_0056	10082	A Room with a View (1908)	https://www.goodreads.com/quotes/298371-we-cast-a-shadow-on-something-wherever-we-stand-and - search identified the passage (Mr Emerson's speech) in A Room with a View; only quote sites returned as evidence
batch_0056	10084	Maurice (1971)	https://www.goodreads.com/work/quotes/2394184-maurice?page=2 - search identified the sentence ('They had never struggled, and only a struggle twists sentimentality and lust together into love') as text of Maurice; only quote sites returned as evidence
batch_0056	10085	'Sayings of the Week', The Observer (7 October 1951)	https://libquotes.com/e-m-forster/quote/lba5o1e - search identified the remark as reported in The Observer's 'Sayings of the Week', 7 October 1951 (the citation also given by the Oxford Dictionary of Quotations); only quote sites returned as evidence
batch_0057	10276	'The Premature Burial' (1844), first published in the Dollar Newspaper, 31 July 1844	https://quotepark.com/quotes/1754658-edgar-allan-poe-the-boundaries-which-divide-life-from-death-are-at/ - cites The Premature Burial, Dollar Newspaper 31 July 1844
batch_0057	10297	Marginalia, Graham's Magazine (December 1846)	https://quotepark.com/quotes/1840685-edgar-allan-poe-that-man-is-not-truly-brave-who-is-afraid-either-t/ - cites Marginalia, Graham's Magazine, December 1846
batch_0057	10420	The Book of Embraces (1991; Spanish original El libro de los abrazos, 1989)	https://quotepark.com/quotes/1784793-eduardo-galeano-we-are-all-mortal-until-the-first-kiss-and-the-sec/ - attributes the line to The Book of Embraces
batch_0057	10445	A Voice Crying in the Wilderness (Vox Clamantis in Deserto): Notes from a Secret Journal (1989)	https://libquotes.com/edward-abbey/quote/lbz4l2z - cites A Voice Crying in the Wilderness
batch_0057	10450	A Voice Crying in the Wilderness (Vox Clamantis in Deserto): Notes from a Secret Journal (1989)	https://quotepark.com/quotes/1435627-edward-abbey-love-implies-anger-the-man-who-is-angered-by-noth/ - cites A Voice Crying in the Wilderness
batch_0057	10452	A Voice Crying in the Wilderness (Vox Clamantis in Deserto): Notes from a Secret Journal (1989)	https://libquotes.com/edward-abbey/quote/lbk9f7j - cites A Voice Crying in the Wilderness
batch_0057	10460	Down the River (1982)	https://www.goodreads.com/quotes/1147759-our-culture-runs-on-coffee-and-gasoline-the-first-often - attributes the line to Down the River
batch_0057	10461	A Voice Crying in the Wilderness (Vox Clamantis in Deserto): Notes from a Secret Journal (1989), p. 54	https://www.goodreads.com/quotes/163236-when-a-man-s-best-friend-is-his-dog-that-dog - attributes the aphorism to A Voice Crying in the Wilderness, p. 54
batch_0057	10697	You Learn by Living (1960), ch. 2 'Fear—the Great Enemy'	https://libquotes.com/eleanor-roosevelt/works/you-learn-by-living - lists the passage among quotes from You Learn by Living
batch_0057	10701	You Learn by Living (1960), ch. 2 'Fear—the Great Enemy'	https://libquotes.com/eleanor-roosevelt/works/you-learn-by-living - lists the passage among quotes from You Learn by Living
batch_0057	10719	My Days (1938)	https://libquotes.com/eleanor-roosevelt/quote/lbn8a5x - cites My Days (1938) for 'A little simplification would be the first step toward rational living, I think'
batch_0060	11821	Interview with Adrian Wootton, The Guardian (23 October 2002)	https://www.azquotes.com/quote/689921 - search results attribute the quote to Ewan McGregor's Guardian interview with Adrian Wootton published 23 Oct 2002
batch_0060	11825	Interview with Adrian Wootton at the BFI, The Guardian (23 October 2002)	https://www.brainyquote.com/quotes/ewan_mcgregor_320148 - search results attribute the quote to the Guardian/BFI interview of 23 Oct 2002
batch_0060	11829	Interview with Sanjiv Bhattacharya, 'Mr Sunshine vs the apocalypse', The Guardian (1 October 2011)	https://www.azquotes.com/author/9830-Ewan_McGregor/tag/acting - search results attribute the quote to the Guardian interview 'Mr Sunshine vs the apocalypse'
batch_0061	12103	Center for Individual Freedom interview with Renee Giachino, 'First Amendment Attorney Floyd Abrams Talks with CFIF's Corporate Counsel About Three Decades of Free Speech' (15 June 2005)	https://www.azquotes.com/author/36847-Floyd_Abrams - search results cite the cfif.org interview of 15 June 2005; the same interview is independently confirmed by FIRE for the companion quote about protecting speech we agree with
batch_0061	12104	Center for Individual Freedom interview with Renee Giachino, 'First Amendment Attorney Floyd Abrams Talks with CFIF's Corporate Counsel About Three Decades of Free Speech' (15 June 2005)	https://www.azquotes.com/author/36847-Floyd_Abrams - search results cite the interview with Renee Giachino at cfif.org, 15 June 2005; the same interview is independently confirmed by FIRE for a companion quote
batch_0061	12106	Center for Individual Freedom interview with Renee Giachino, 'First Amendment Attorney Floyd Abrams Talks with CFIF's Corporate Counsel About Three Decades of Free Speech' (15 June 2005)	https://www.azquotes.com/author/36847-Floyd_Abrams - search results cite the CFIF interview of 15 June 2005 (page confirmed to exist at https://www.cfif.org/htdocs/freedomline/current/in_our_opinion/first-amendment-attorney-floyd-abrams.html); the same interview is independently confirmed by FIRE for a companion quote
batch_0064	13715	Quoted in Porter B. Williamson, I Remember General Patton's Principles (1979), p. 174	https://www.goodreads.com/quotes/10828167-always-do-everything-you-ask-of-those-you-command - search identifies the line as recorded by Patton's staff officer Porter B. Williamson in I Remember General Patton's Principles, p. 174 (contemporary's first-hand recollection)
batch_0065	13915	Q&A with Jerry Hall and Georgia May Jagger, T: The New York Times Style Magazine (2 March 2013)	https://www.azquotes.com/quote/1069728 - search-result summary attributes the quote to the T Magazine Q&A by Julie Earle-Levine (2 March 2013); primary page not retrieved
batch_0065	13919	Q&A with Jerry Hall and Georgia May Jagger, T: The New York Times Style Magazine (2 March 2013)	http://www.brainyquote.com/quotes/quotes/g/georgiamay608434.html - search-result summary attributes the quote to the T Magazine interview by Julie Earle-Levine (2 March 2013); primary page not retrieved
batch_0065	13951	Campaign remarks reported in The New York Times, 'Ferraro Recounts Second Thoughts On Her Nomination, Citing Scrutiny' by Jane Perlez (25 August 1984)	https://www.azquotes.com/quote/954407 - search-result summary cites the New York Times article of 25 August 1984 as the source; primary page not retrieved
batch_0065	13996	Interview with Elizabeth Day, The Observer/The Guardian (5 July 2008)	https://www.azquotes.com/author/6143-Geri_Halliwell?p=3 - search-result summary attributes the quote to the Guardian interview by Elizabeth Day of 5 July 2008; primary page not retrieved
batch_0065	14000	Speech to a Sinn Féin selection convention, Navan, County Meath (1 December 2004)	https://libquotes.com/gerry-adams - sourced-quotes listing citing the CAIN (University of Ulster) record of the Navan speech of 1 December 2004
batch_0065	14002	An Irish Eye (2007)	https://www.azquotes.com/quote/1802 - search-result summary identifies the 2007 book An Irish Eye (Brandon) as the source; primary page not retrieved
batch_0065	14010	An Irish Eye (2007)	https://libquotes.com/gerry-adams/quote/lbc2j6w - sourced-quotes entry citing An Irish Eye (Brandon, 2007)
batch_0065	14017	Interview with Nick Stadlen, The Guardian (12 September 2007)	https://www.azquotes.com/author/83-Gerry_Adams?p=2 - search-result summary attributes the quote to the Guardian interview with Nick Stadlen of 12 September 2007; primary page not retrieved
batch_0065	14022	Remarks in Belfast reported by BBC News (6 April 2005)	https://quotefancy.com/quote/1060246/Gerry-Adams-War-some-people-glamorise-war-and-glorify-war-It-s-not-nice-from-whatever - search-result summary attributes the remark to BBC News coverage of his 6 April 2005 Belfast speech; primary page not retrieved
batch_0065	14023	Interview with Stephen Moss, 'Gerry Adams: I'm happy with who I am ... it's very important to be a subversive', The Guardian (24 January 2011)	https://www.azquotes.com/author/83-Gerry_Adams?p=2 - search-result summary cites the Guardian interview by Stephen Moss of 24 January 2011; primary page not retrieved
batch_0065	14024	An Irish Eye (2007)	https://www.azquotes.com/author/83-Gerry_Adams - search-result summary identifies the 2007 book An Irish Eye as the source; primary page not retrieved
batch_0065	14044	The Innocence of Father Brown (1911), 'The Hammer of God'	https://libquotes.com/g-k-chesterton/quote/lbu7k2n - sourced-quote entry; search summary identifies The Innocence of Father Brown, where Father Brown says 'Humility is the mother of giants. One sees great things from the valley; only small things from the peak'
batch_0065	14048	Orthodoxy (1908), ch. 3 'The Suicide of Thought' (original wording: 'Art is limitation; the essence of every picture is the frame')	https://www.goodreads.com/quotes/381553-art-is-limitation-the-essence-of-every-picture-is-the - the original sentence from Orthodoxy, of which the corpus text is a reworded version
batch_0065	14064	Heretics (1905)	https://www.azquotes.com/author/2799-Gilbert_K_Chesterton/tag/architecture - search-result summary attributes the line to Heretics; primary page not retrieved
batch_0065	14092	Interview with Fawnia Soo Hoo, Glamour (29 April 2014)	https://www.azquotes.com/author/34390-Gillian_Jacobs - search-result summary attributes the quote to the Glamour interview by Fawnia Soo Hoo of 29 April 2014; primary page not retrieved
batch_0065	14094	Interview with Laura Prudom, HuffPost (5 March 2013)	https://www.brainyquote.com/quotes/quotes/g/gillianjac648322.html - search-result summary attributes the quote to the HuffPost Community season 4 interview by Laura Prudom of 5 March 2013; primary page not retrieved
batch_0065	14098	Interview with Alison Willmore, IndieWire, 'Gillian Jacobs Talks Working With First-Time Filmmakers, Her New Short and the Relationship Between Community and Its Online Following'	https://www.azquotes.com/quote/1187752 - search-result summary attributes the quote to the IndieWire interview by Alison Willmore and gives its surrounding context on making Vine videos; primary page not retrieved
batch_0065	14102	Interview with Christina Radish, Collider (15 August 2013)	https://quotefancy.com/quote/1680290/Gillian-Jacobs-I-ve-been-getting-into-drinking-smoothies-in-the-morning-I-like-those-a - search-result summary attributes the quote to the Collider interview by Christina Radish of 15 August 2013; primary page not retrieved
batch_0065	14106	Interview, HuffPost (24 April 2014), on the film Life Partners	https://www.azquotes.com/author/34390-Gillian_Jacobs - search-result summary attributes the quote to the HuffPost interview of 24 April 2014 about Life Partners; primary page not retrieved
batch_0065	14110	Interview with Christina Radish, Collider (15 August 2013)	https://www.azquotes.com/author/34390-Gillian_Jacobs/tag/community - search-result summary attributes the quote to the Collider interview by Christina Radish of 15 August 2013; primary page not retrieved
batch_0065	14112	Interview, Men's Health (19 January 2012), 'What MMA Hottie Gina Carano Wants in a Man'	https://www.azquotes.com/quote/978450 - search-result summary attributes the quote to the Men's Health interview of 19 January 2012; primary page not retrieved
batch_0065	14118	Interview with Kyle Darbyson, AskMen	https://www.brainyquote.com/authors/gina-carano-quotes - search-result summary attributes the quote to the AskMen interview by Kyle Darbyson; primary page not retrieved
batch_0066	14248	As Good as Golda: The Warmth and Wisdom of Israel's Prime Minister (1970)	https://www.goodreads.com/work/quotes/1355732-as-good-as-golda-the-warmth-and-wisdom-of-israel-s-prime-minister - the quote is listed among the contents of the Shenker compilation As Good as Golda (1970); a longer variant ('My dear, old age is like an airplane flying in a storm...') also circulates
batch_0066	14310	Epicurious interview by Michael Y. Park (27 September 2010)	https://www.azquotes.com/quote/859003 - cited to the Epicurious interview by Michael Y. Park; a follow-up search confirmed the same article (27 September 2010) as the source of his related "cannot live without food" remark
batch_0066	14328	Epicurious interview by Michael Y. Park (27 September 2010)	https://www.azquotes.com/author/34983-Grant_Achatz - cited to the Epicurious interview with Michael Y. Park, 27 September 2010; a follow-up search confirmed the same citation
batch_0066	14571	Mind at the End of Its Tether (1945), p. 19	https://libquotes.com/h-g-wells/quote/lbu6c5e - cited to Mind at the End of Its Tether (1945); the search summary gives p. 19 of that work
batch_0069	16018	Hell's Angels: A Strange and Terrible Saga (1966)	https://libquotes.com/hunter-s-thompson/quote/lbn8s1v - LibQuotes sourced entry cites Hell's Angels
batch_0069	16028	Fear and Loathing: On the Campaign Trail '72 (1973)	https://libquotes.com/hunter-s-thompson - LibQuotes sourced-quotes listing; search summary ties the passage to Fear and Loathing: On the Campaign Trail '72
batch_0071	16576	The Lost Road and Other Writings (1987), 'The Lost Road' (thought of Alboin Errol)	https://www.goodreads.com/work/quotes/2964303-the-lost-road-and-other-writings - quotes page for the specific volume The Lost Road and Other Writings; the search summary identifies the speaker as Alboin Errol in The Lost Road
batch_0074	18087	The Guardian interview with Alex Godfrey, 'Jean-Claude Van Damme: I tried to play the system; I was blacklisted' (10 August 2012)	https://www.azquotes.com/author/3607-Jean_Claude_Van_Damme/tag/film - search identified the Guardian interview by Alex Godfrey (10 August 2012) as the origin; theguardian.com itself is blocked to the search tool so the page could not be confirmed directly
batch_0074	18117	The Devil and the Good Lord (Le Diable et le Bon Dieu) (1951), tenth tableau, sc. 2	https://libquotes.com/jean-paul-sartre/quote/lbu6y1c - search identifies the line as The Devil and the Good Lord, 'Act 10, scene 2' (same locator Wikiquote uses for the play's final tableau)
batch_0077	18887	Fox News op-ed, 'Grey's Anatomy star Jessica Capshaw puts spotlight on global maternal health care needs' (2012)	https://foxnews.com/entertainment/greys-anatomy-star-jessica-capshaw-puts-spotlight-on-global-maternal-health-care-needs.amp - Capshaw's own Fox News piece on maternal health for International Medical Corps surfaced in a later search for row 18893; AZQuotes dates it 11 May 2012
batch_0078	19039	Interview with Ed Pilkington, 'Jill Abramson: I'm a battle-scarred veteran', The Guardian (7 June 2011)	https://www.brainyquote.com/authors/jill_abramson - search result identifies the quote as from Ed Pilkington's Guardian interview 'Jill Abramson: I'm a battle-scarred veteran'; a later search on row 19052 dated that interview 7 June 2011
batch_0078	19204	Dad Is Fat (2013)	https://www.goodreads.com/author/quotes/6555784.Jim_Gaffigan?page=4 - Goodreads lists the passage under Dad Is Fat; search result identifies it as from that 2013 book
batch_0079	19224	'Jim Gaffigan On Parenting', interview with Chris Wright, Esquire.com (6 May 2013)	https://www.azquotes.com/author/5267-Jim_Gaffigan/tag/dad - aggregator listing; two search-result summaries identify the source as Chris Wright's Esquire.com interview 'Jim Gaffigan On Parenting' (6 May 2013); esquire.com is blocked to the search crawler
batch_0079	19253	Time magazine (24 January 1968)	https://libquotes.com/jim-morrison/quote/lbk1n6b - search result summary identifies the quote as published in Time magazine on 24 January 1968
batch_0079	19265	An American Prayer (1978), spoken-word poetry album	https://libquotes.com/jim-morrison/quote/lbo3b3b - search result summary identifies the lines as from An American Prayer (1978)
batch_0079	19267	Time magazine (24 January 1968)	https://www.brainyquote.com/quotes/jim_morrison_109338 - aggregator listing; search result summary for the shorter form (row 19253) identified Time magazine, 24 January 1968 as the source
batch_0079	19320	'If 6 Was 9', Axis: Bold as Love (1967), song lyric	https://www.goodreads.com/quotes/9675-i-m-the-one-that-s-got-to-die-when-it-s-time - listing ties the line to Axis: Bold as Love; the line is the lyric of 'If 6 Was 9'
batch_0082	20713	The Grapes of Wrath (1939), ch. 14	https://www.goodreads.com/quotes/8571322-for-man-unlike-any-other-thing-organic-or-inorganic-in - fuller wording 'For man, unlike any other thing organic or inorganic in the universe...' from the novel's chapter 14 intercalary passage; search summary identifies The Grapes of Wrath ch. 14
batch_0083	21058	Interview 'Jonathan Ive interview: simplicity isn't simple' by Shane Richmond, The Telegraph (23 May 2012)	https://www.azquotes.com/author/7226-Jonathan_Ive/tag/failing - citation to the Telegraph interview reported in results; Telegraph 2012 interview is the original periodical
batch_0083	21060	Interview 'Jonathan Ive interview: simplicity isn't simple' by Shane Richmond, The Telegraph (23 May 2012)	https://www.azquotes.com/quote/718986 - citation to the Telegraph 23 May 2012 interview reported in results; Telegraph interview is the original periodical
batch_0083	21079	Conversation with Deyan Sudjic at the Design Museum, London ('DM25 What Next for Design?', 12 November 2014)	https://www.azquotes.com/quote/891886 - citation to the 12 November 2014 Design Museum conversation reported in results; consistent with reports of that event
batch_0083	21202	The Revolt of the Masses (1929)	https://libquotes.com/jos%C3%A9-ortega-y-gasset/quote/lbe6m2h - sourced-quote entry attributing the line to The Revolt of the Masses
batch_0083	21371	Remark to Nikita Khrushchev and Anastas Mikoyan, quoted in 'Khrushchev: Notes from a Forbidden Land', Time (30 November 1970)	https://quotecatalog.com/quote/joseph-stalin-im-finished-i-L1NOK27 - fuller wording ('I'm finished. I trust no one, not even myself'); search results report the Time 30 Nov 1970 Khrushchev-memoir citation, which is second-hand recollection
batch_0083	21374	Remark to W. Averell Harriman, as reported by Harriman (quoted in Boris Sokolov, The Truth about the Great Patriotic War)	https://libquotes.com/joseph-stalin/quote/lbk9v8w - sourced-quote entry: said to Averell Harriman, reported by Harriman and quoted by B. Sokolov; second-hand record by a contemporary
batch_0083	21385	Political Report of the Central Committee to the Fifteenth Congress of the C.P.S.U.(B.) (December 1927)	https://libquotes.com/joseph-stalin/quote/lbp3y0g - sourced-quote entry citing the Political Report to the Fifteenth Congress, December 1927
batch_0084	21513	Interview, Playbill, 'Gad & Rannells: A Blessed Union'	https://www.brainyquote.com/quotes/josh_gad_492649 - search result identifies the Playbill interview 'Gad & Rannells: A Blessed Union' as the source
batch_0084	21652	The Artist's Way: A Spiritual Path to Higher Creativity (1992)	https://www.brainyquote.com/lists/authors/top-10-julia-cameron-quotes - search results identify the passage as from The Artist's Way (p. 24 in one edition)
batch_0084	21712	'Philosophy v science: which can answer the big questions of life?', The Observer (9 September 2012)	https://www.brainyquote.com/quotes/julian_baggini_561749 - search identifies the Guardian/Observer debate piece with Lawrence Krauss of 9 September 2012 as the origin of the line
batch_0085	22006	'Šlépěje' ('Footprints') (1929), in Povídky z jedné kapsy (Tales from One Pocket); trans. Norma Comrada in Toward the Radical Center: A Karel Čapek Reader (1990)	https://quotepark.com/quotes/1946744-karel-capek-i-dont-know-if-you-could-prove-that-every-theft-i/ - entry reproduces the Wikiquote-style citation to 'Šlépeje' (1929) as translated by Norma Comrada in Toward the Radical Center (1990), spoken by Sgt. Bartosek
batch_0086	22020	R.U.R. (Rossum's Universal Robots) (1920), Epilogue (Helena to Primus)	https://quotepark.com/works/rur-11185/ - listed among quotes from the work R.U.R.; the speech is robot Helena's to Primus in the play's final act
batch_0086	22025	R.U.R. (Rossum's Universal Robots) (1920)	https://quotepark.com/authors/karel-capek/ - line addressed to Helena, the central human character of R.U.R.; search results identify it as a line from the play
batch_0086	22026	The Meaning of R.U.R., The Saturday Review (London) (21 July 1923)	https://libquotes.com/karel-%C4%8Dapek/quote/lbg7s1d - cited as from Capek's supplement on R.U.R. published in The Saturday Review, 1923
batch_0087	22372	The Guardian, interview by Caroline Sullivan (23 December 2010)	https://www.brainyquote.com/quotes/katy_b_569240 - search result identifies the quote as from Caroline Sullivan's Guardian interview of 23 December 2010
batch_0087	22401	The Observer/The Guardian, interview by Tim Adams (19 February 2005)	https://www.brainyquote.com/quotes/kazuo_ishiguro_196842 - search result identifies the quote as from Tim Adams's interview published by The Guardian on 19 February 2005
batch_0087	22413	The Guardian, interview by Chris Sullivan (5 February 2011)	https://www.azquotes.com/author/7212-Kazuo_Ishiguro?p=2 - search result identifies the quote as from Chris Sullivan's Guardian interview of 5 February 2011
batch_0087	22418	The Guardian, interview by Decca Aitkenhead (26 April 2009)	https://www.brainyquote.com/authors/kazuo-ishiguro-quotes - search result identifies the quote as from Decca Aitkenhead's Guardian interview of 26 April 2009 (Ishiguro on The Unconsoled after the Merchant Ivory film)
batch_0087	22571	IGN interview by Fred Topel with Tim Robbins and Kevin Bacon about Mystic River (10 October)	https://www.azquotes.com/quote/14913 - search result identifies the quote as from Fred Topel's IGN interview with Tim Robbins and Kevin Bacon on Mystic River; result gives the date as 10 October 2013, though the film was released in 2003
batch_0087	22578	HuffPost, 'Swindled Kevin Bacon: "I Need To Work"' by Katherine Thomson	https://www.azquotes.com/quote/14923 - search result identifies the quote as from Katherine Thomson's HuffPost article 'Swindled Kevin Bacon: I Need To Work' (on the Madoff losses)
batch_0087	22579	The Guardian, interview by Jane Mulkerrins (19 January 2013)	https://www.brainyquote.com/quotes/kevin_bacon_595731 - search result identifies the quote as from Jane Mulkerrins's Guardian interview of 19 January 2013
batch_0087	22586	The Guardian, 'Kevin Bacon: this much I know' by Jane Mulkerrins (19 January 2013)	https://www.brainyquote.com/quotes/kevin_bacon_321619 - search result identifies the quote as from Jane Mulkerrins's Guardian piece 'Kevin Bacon: this much I know', 19 January 2013
batch_0087	22606	InsideHoops.com interview (30 March 2005)	https://www.azquotes.com/author/5355-Kevin_Garnett/tag/basketball - search result identifies the quote as from an interview with insidehoops.com on 30 March 2005
batch_0087	22607	InsideHoops.com group interview (30 March 2005)	https://quotefancy.com/quote/1201101/Kevin-Garnett-We-know-that-in-order-for-us-to-turn-this-around-it-doesn-t-matter-how-many - search result identifies the quote as from a group interview on insidehoops.com, 30 March 2005
batch_0087	22612	InsideHoops.com interview (30 March 2005)	https://www.brainyquote.com/quotes/kevin_garnett_220057 - search result identifies the quote as from an Inside Hoops interview on 30 March 2005
batch_0087	22616	IGN interview by Jon Robinson (4 April 2006)	https://quotefancy.com/quote/1201090/Kevin-Garnett-There-are-a-lot-of-things-that-frustrate-me-I-get-frustrated-when-I-have-to - search result identifies the quote as from Jon Robinson's IGN interview, 4 April 2006
batch_0087	22617	InsideHoops.com interview (30 March 2005)	https://quotefancy.com/quote/1201094/Kevin-Garnett-The-last-couple-of-practices-all-we-ve-been-doing-is-a-lot-of-defensive - search result identifies the quote as from an Inside Hoops interview published 30 March 2005
batch_0087	22618	InsideHoops.com interview (2005), on the change from Flip Saunders to Kevin McHale	https://www.azquotes.com/author/5355-Kevin_Garnett/tag/basketball - search result identifies the quote as from an insidehoops.com interview; the Saunders-to-McHale coaching change it discusses occurred in February 2005, matching the 30 March 2005 group interview cited for rows 22607 and 22617
batch_0087	22621	InsideHoops.com group interview (30 March 2005)	https://www.azquotes.com/author/5355-Kevin_Garnett/tag/basketball - search result identifies the quote as from a group interview on insidehoops.com, 30 March 2005
batch_0087	22624	Yahoo Sports, 'Kevin Garnett: I never cared about the accolades' by Marc J. Spears (30 December 2012)	https://www.azquotes.com/quote/992342 - search result identifies the quote as from Marc J. Spears's interview on sports.yahoo.com (the December 2012 piece cited for rows 22614 and 22622)
batch_0087	22625	Yahoo Sports, 'Kevin Garnett: I never cared about the accolades' by Marc J. Spears (30 December 2012)	https://www.azquotes.com/author/5355-Kevin_Garnett?p=2 - search result identifies the quote (on Hurricane Katrina) as from Marc J. Spears's Yahoo Sports interview of 30 December 2012
batch_0087	22662	Sand and Foam (1926)	https://libquotes.com/kahlil-gibran/works/sand-and-foam - Lib Quotes lists the aphorism among the quotations from Sand and Foam (1926)
batch_0087	22663	A Second Treasury of Kahlil Gibran (1962)	https://libquotes.com/kahlil-gibran/quote/lbs4q0r - Lib Quotes sources the line ('Life without Love is like a tree without blossom and fruit') to A Second Treasury of Kahlil Gibran (1962), a posthumous collection of his translated Arabic writings
batch_0087	22667	The Prophet (1923)	https://libquotes.com/kahlil-gibran/works/the-prophet - Lib Quotes lists 'Trust the dreams, for in them is hidden the gate to eternity' among the quotations from The Prophet (1923); the corpus wording 'Trust in dreams' is a slight variant
batch_0087	22676	Sand and Foam (1926)	https://www.goodreads.com/quotes/95064-faith-is-an-oasis-in-the-heart-which-will-never - search result identifies the aphorism as from the combined edition 'The New Frontier and Sand and Foam'; the aphorism belongs to Sand and Foam (1926)
batch_0087	22680	Address at a Progressive Conservative brunch, Montreal, Quebec (22 August 1993)	https://www.azquotes.com/author/2388-Kim_Campbell - search result identifies the quote as from Campbell's address at a Progressive Conservative brunch in Montreal on 22 August 1993, during the 1993 election campaign
batch_0092	24099	Interview with Brian Gallagher, MovieWeb (12 May 2008)	https://www.azquotes.com/author/4351-Lisa_Edelstein - search result identifies the passage as from Brian Gallagher's MovieWeb interview of 12 May 2008 (cited in the quote listing; original MovieWeb page not retrieved)
batch_0094	24919	Speech in New York City (12 December 1964), in Malcolm X Speaks (1965)	https://www.azquotes.com/quote/184551 - search results identify the speech of 12 December 1964 in New York City as the occasion
batch_0094	25028	Interview with Bridget Foley, 'The Interviews: Marc Jacobs, The Newsmaker', WWD (11 November 2013)	https://www.brainyquote.com/quotes/marc_jacobs_590095 - search results identify the source as Bridget Foley's WWD interview of 11 November 2013
batch_0094	25029	Conversation with Calvin Klein, Harper's Bazaar	https://www.brainyquote.com/quotes/marc_jacobs_466459 - search results identify the source as an interview with Calvin Klein published in Harper's Bazaar (date not given)
batch_0094	25031	Interview with Robert Duffy, Interview Magazine (17 August 2010)	https://www.azquotes.com/author/7296-Marc_Jacobs/tag/design - search results identify the source as the Robert Duffy interview in Interview Magazine, 17 August 2010
batch_0097	25946	'Auto-political', The Guardian (5 June 2008)	https://www.brainyquote.com/authors/martin-jacques-quotes - aggregator hit; search result identified the Guardian article 'Auto-political' of 5 June 2008 as the origin
batch_0100	27143	Speech to the Democratic National Convention, Charlotte (4 September 2012)	https://www.azquotes.com/quote/218739 - aggregator cites the 4 September 2012 DNC speech; the passage matches the published transcript of that speech
batch_0102	27816	Interview with Edward W. Desmond, Time (4 December 1989)	https://libquotes.com/mother-teresa/quote/lbk7t1t - cites the Time interview of 4 December 1989 with Edward W. Desmond as the source of the passage
batch_0103	28138	The Sandman #65, 'The Kindly Ones' part 9 (1994), spoken by Rose Walker; collected in The Sandman Vol. 9: The Kindly Ones (1996)	https://libquotes.com/neil-gaiman/quote/lbi5b8z - identifies the passage as Rose Walker's speech in The Sandman: The Kindly Ones
batch_0104	28273	The Prince (1532), ch. 3	https://www.goodreads.com/notes/18749054-the-prince/52081747-ian-towart - reader highlight from the text of The Prince; the passage is the ch. 3 'well treated or crushed' maxim in an older translation
batch_0104	28309	U and I: A True Story (1991)	https://www.goodreads.com/work/quotes/387507-u-and-i-a-true-story - quotation listed from U and I; search result confirms the passage's context (living vs dead writers) in the book
batch_0104	28354	Interview with MTV News, 'Nick Cannon Flexing His Mogul Muscle in Hollywood' (21 April 2005)	https://www.brainyquote.com/quotes/nick_cannon_589467 - search result traces the quote to the MTV News article of 21 April 2005
batch_0105	28545	Interview with Claudia Dreifus, 'A Conversation With Nina V. Fedoroff: An Advocate for Science Diplomacy', The New York Times (18 August 2008)	https://www.brainyquote.com/authors/nina-fedoroff-quotes - line follows directly on the 'genetic modification is the basis of all evolution' passage from the NYT interview (see 28535)
batch_0105	28548	Interview on NPR's Science Friday with Ira Flatow (25 February 2011)	https://www.azquotes.com/quotes/topics/herbicides.html - search identified the remark as from her NPR Science Friday interview with Ira Flatow on 25 Feb 2011 on transgenic weeds
batch_0106	28972	Architects of Fate (1895), p. 115	https://libquotes.com/orison-swett-marden/quotes/power - Lib Quotes cites the passage to Architects of Fate, p. 115
batch_0106	28994	Alvin Journeyman (1995), p. 33	https://quotepark.com/quotes/1898849-orson-scott-card-you-speak-metaphorically-i-hope-said-peggy-i/ - gives the line in its dialogue context between Peggy and Becca, from Alvin Journeyman (Tales of Alvin Maker), p. 33
batch_0106	28995	The Changed Man: Short Fiction of Orson Scott Card (1992), p. 198	https://libquotes.com/orson-scott-card/quotes/live - Lib Quotes cites the line to The Changed Man (1992), p. 198
batch_0108	29680	Interview with The Guardian, 'Paulo Coelho on Jesus, Twitter and the difference between defeat and failure' (17 March 2013)	https://www.azquotes.com/author/3041-Paulo_Coelho/tag/mountain - search identifies the quote as coming from the Guardian interview of 17 March 2013 (article named by title and date; the Guardian page itself was not returned)
batch_0108	29792	The Life of Thomas More (1998), ch. 1	https://www.goodreads.com/book/show/67732 - book record for Ackroyd's The Life of Thomas More; the second search confirmed the passage about John More noting the birth on a blank page of Geoffrey of Monmouth's Historia Regum Britanniae as the biography's opening
batch_0108	29794	The Life of Thomas More (1998), final chapter	https://www.goodreads.com/book/show/67732 - book record; the second search confirmed the passage 'His head was boiled, impaled upon a pole... the first English layman to be beatified as a martyr' as the closing of Ackroyd's biography
batch_0109	30373	Homily at Mass on the Capitol Mall, Washington, D.C. (7 October 1979)	https://libquotes.com/pope-john-paul-ii - search identifies the quote as from the 7 October 1979 Capitol Mall homily in Washington; text on vatican.va
batch_0110	30448	Panorama interview with Martin Bashir, BBC (20 November 1995)	https://www.goodreads.com/quotes/505819-i-think-the-biggest-disease-the-world-suffers-from-in - shortened form of the Panorama line 'I'm not a political animal but I think the biggest disease this world suffers from in this day and age is the disease of people feeling unloved'
batch_0110	30462	Panorama interview with Martin Bashir, BBC (20 November 1995)	https://www.azquotes.com/quote/751334 - search summary gives the fuller 1995 BBC interview wording ('I think when I came into marriage -- especially when you've had divorced parents like myself... you don't want to fall back into a pattern')
batch_0110	30672	Interview with Ken P., IGN (25 May 2004)	https://www.azquotes.com/author/815-Ralph_Bakshi - search summary reproduces the Wikiquote citation: interview with Ken P. on IGN, 25 May 2004
batch_0110	30674	Interview with Ken P., IGN (25 May 2004)	https://www.azquotes.com/author/815-Ralph_Bakshi/tag/film - search summary reproduces the Wikiquote citation: interview with Ken P. on ign.com, 25 May 2004
batch_0110	30676	Interview with Ken P., IGN (25 May 2004)	https://www.azquotes.com/author/815-Ralph_Bakshi/tag/animation - search summary reproduces the Wikiquote citation: interview with Ken P. on ign.com, 25 May 2004
batch_0110	30679	Interview with Ken P., IGN (25 May 2004)	https://www.azquotes.com/author/815-Ralph_Bakshi/tag/film - search summary reproduces the Wikiquote citation: interview with Ken P. on ign.com, 25 May 2004
batch_0110	30873	Interview with Evan Jacobs, MovieWeb (8 January 2007)	https://www.azquotes.com/author/7276-Randy_Jackson - search summary reproduces the Wikiquote citation: interview with Evan Jacobs on movieweb.com, 8 January 2007, about American Idol
batch_0110	30879	Interview with Evan Jacobs, MovieWeb (8 January 2007)	https://www.azquotes.com/author/7276-Randy_Jackson - search summary reproduces the Wikiquote citation: MovieWeb interview, 8 January 2007
batch_0110	30891	Interview with Evan Jacobs, 'Randy Jackson Sings About American Idol', MovieWeb (8 January 2007)	https://www.azquotes.com/quote/1311574 - search summary reproduces the Wikiquote citation: interview 'Randy Jackson Sings About American Idol' with Evan Jacobs on movieweb.com
batch_0110	30892	Interview with Evan Jacobs, 'Randy Jackson Sings About American Idol', MovieWeb (8 January 2007)	https://www.azquotes.com/author/7276-Randy_Jackson - search summary reproduces the Wikiquote citation: MovieWeb interview with Evan Jacobs, 8 January 2007
batch_0110	30894	Interview with Evan Jacobs, 'Randy Jackson Sings About American Idol', MovieWeb (8 January 2007)	https://www.azquotes.com/author/7276-Randy_Jackson - search summary reproduces the Wikiquote citation: MovieWeb interview with Evan Jacobs, 8 January 2007
batch_0110	30897	'Randy Jackson: What I've Learned', interview by Cal Fussman, Esquire (15 December 2011)	https://quotefancy.com/quote/1253525/Randy-Jackson-If-you-can-turn-your-wants-into-your-needs-you-can-do-anything - search summary reports the line is from Cal Fussman's Esquire 'What I've Learned' interview, 15 December 2011
batch_0110	30918	Remarks at BookExpo America, Los Angeles (May 2008)	https://quotepark.com/quotes/1395963-ray-bradbury-a-book-has-got-smell-a-new-book-smells-great-an/ - search summary reproduces the Wikiquote-style citation: reported at BookExpo America, Los Angeles, May 2008
batch_0111	31092	The Irony of American History (1952), ch. 3	https://www.goodreads.com/quotes/267267-forgiveness-is-the-final-form-of-love - search summary identifies the fuller passage 'we are saved by the final form of love which is forgiveness' from Niebuhr's Irony of American History; the short form is a compression of it
batch_0112	31231	'Why I want all our children to read the King James Bible', The Guardian (19 May 2012)	https://www.azquotes.com/quote/554487 - search summary identifies the Guardian article of 19 May 2012 (aggregator link; the article is the original periodical)
batch_0112b	31474	Boy: Tales of Childhood (1984), 'Homesickness'	https://quotefancy.com/quote/900239/Roald-Dahl-Unless-you-have-been-to-boarding-school-when-you-are-very-young-it-is - aggregator; search context gives Boy p. 98 with the following 'Bristol Channel' sentence from the St Peter's homesickness chapter
batch_0112b	31478	Boy: Tales of Childhood (1984), 'Goodbye school'	https://www.goodreads.com/quotes/10307273-nobody-gets-a-nervous-breakdown-or-a-heart-attack-from - cites Boy p. 152; the line sits in the same final-chapter passage that Wikiquote sources to Boy (1984)
batch_0113	31802	'The Limitations of Toleration' (8 May 1888), in The Works of Robert G. Ingersoll, vol. VII	https://libquotes.com/robert-g-ingersoll/quote/lbn3h4e - Lib Quotes sourced entry citing 'The Limitations of Toleration' (8 May 1888), Works vol. VII
batch_0114	32168	It's Not Easy Bein' Me: A Lifetime of No Respect but Plenty of Sex and Drugs (2004)	https://www.goodreads.com/work/quotes/130818-it-s-not-easy-bein-me-a-lifetime-of-no-respect-but-plenty-of-sex-and-d - Goodreads lists the joke among quotes from the memoir It's Not Easy Bein' Me
batch_0114	32213	Interview in the Daily Mail, article by Ben Todd (1 July 2011)	https://www.azquotes.com/author/3599-Roger_Daltrey?p=2 - AZQuotes entry attributes the line to a Daily Mail article by Ben Todd, 1 July 2011, in which Daltrey discussed British politics
batch_0116	32819	Epistle to the Romans (c. 107), ch. 3	https://www.azquotes.com/quote/1333920 - aggregators attribute it to Ignatius of Antioch (not Loyola); the search surfaced the standard translation 'It is not that I want merely to be called a Christian, but actually to be one', which is Romans 3:2 of Ignatius of Antioch's letters
batch_0116	32882	Diary of a Genius (1964), p. 95 (Hutchinson 1990 ed.)	https://quotepark.com/quotes/1153412-salvador-dali-we-are-all-hungry-and-thirsty-for-concrete-images/ - Wikiquote-derived entry cites The Diary of a Genius (1952-63), 1964; London: Hutchinson, 1990, p. 95
batch_0116	32887	Dalí by Dalí (1970)	https://quotepark.com/quotes/795477-salvador-dali-take-me-i-am-the-drug-take-me-i-am-hallucinogen/ - Wikiquote-derived entry cites Dali by Dali (1970) as given in Bartlett's Familiar Quotations (2012), and an interview with Michael Delon reprinted in New Surrealism (1992)
batch_0116	32946	Interview with Steven Hyden, The A.V. Club (5 April 2011)	https://www.azquotes.com/author/6075-Sammy_Hagar/tag/van-halen - search result cites the line to Steven Hyden's A.V. Club interview of 5 April 2011 (published around Hagar's memoir Red); the interview is a real A.V. Club feature
batch_0116	32953	Interview with Steven Hyden, The A.V. Club (5 April 2011)	https://www.azquotes.com/author/6075-Sammy_Hagar/tag/heart - search result cites the line to Steven Hyden's A.V. Club interview of 5 April 2011
batch_0116	33336	Dilbert comic strip (23 June 1995)	https://www.azquotes.com/author/101-Scott_Adams/tag/stupidity - search result cites the line to the Dilbert strip of 23 June 1995 (Dogbert's remark); the dated strip is a checkable primary source
batch_0119	34488	Journals (1847)	https://libquotes.com/s%C3%B8ren-kierkegaard/quote/lbr0p7l - Lib Quotes sourced entry; search result gives it as a journal entry of 1847
batch_0119	34490	Either/Or (1843), Part I, 'Diapsalmata'	https://libquotes.com/s%C3%B8ren-kierkegaard/quote/lbx0h0u - Lib Quotes sourced entry; search result identifies the line as from Either/Or
batch_0121	35017	Interview with Gary Wolf, 'Steve Jobs: The Next Insanely Great Thing', Wired (February 1996)	https://www.goodreads.com/quotes/466384-things-don-t-have-to-change-the-world-to-be-important - search results identify the Wired interview of 1 Feb 1996 by Gary Wolf as the origin
batch_0121	35022	Interview with BusinessWeek (1998)	https://www.goodreads.com/quotes/915331-that-s-been-one-of-my-mantras-focus-and-simplicity - search results identify a 1998 BusinessWeek interview as the origin
batch_0121	35079	Interview with Graham Hartmann, 'Steven Adler Talks Guns N' Roses Rock Hall Induction, New Project, Drug Use + More', Loudwire (5 April 2012)	https://www.brainyquote.com/quotes/steven_adler_419228 - search results trace the quote to the Loudwire interview by Graham Hartmann, 5 April 2012
batch_0121	35087	Interview 'Steven Adler on a Guns N' Roses Hall of Fame Reunion', Rolling Stone (7 December 2011)	https://www.brainyquote.com/quotes/steven_adler_419230 - search results trace the quote to the Rolling Stone interview of 7 Dec 2011
batch_0122	35353	Raja Yoga (1896)	https://www.goodreads.com/work/quotes/1160012-the-complete-works-of-swami-vivekananda-v-1 - quote listed under Complete Works vol. 1 (which contains Raja Yoga); search result identifies the work as 'Vedanta Philosophy: Lectures by the Swami Vivekananda on Raja Yoga' (1896)
batch_0122	35458	The Elder Statesman (1959)	https://libquotes.com/t-s-eliot/quote/lbp2e9k - gives the surrounding dialogue ('I love you to the limits of speech, and beyond') from The Elder Statesman; search result cites The Complete Poems and Plays (Faber, 2011) p. 574
batch_0123	35790	'Ideas for modern living: virtue', The Guardian/The Observer (11 September 2010)	https://www.brainyquote.com/authors/terry-eagleton-quotes - search identified the essay 'Ideas for modern living: virtue' in the Guardian/Observer, 11 September 2010, as the source of the passage
batch_0126	37006	'Only God Can Judge Me', All Eyez on Me (1996)	https://www.goodreads.com/quotes/301628-is-it-a-crime-to-fight-for-what-is-mine - search result identifies the line as a lyric from 'Only God Can Judge Me' on All Eyez on Me (1996); confirmed only via aggregator-level pages
batch_0130	38251	Interview with Steve Rose, The Guardian (4 July 2012), 'Willem Dafoe: You do your best work when you're scared'	https://www.goodreads.com/author/quotes/2124102.Willem_Dafoe - aggregator listing the quote
batch_0130	38255	Interview with Jonathan Romney, The Guardian (8 November 1998)	https://www.azquotes.com/quote/886446 - aggregator; search summary reports the quote is from Jonathan Romney's Guardian interview of 8 Nov 1998 (matches Wikiquote-style citation)
batch_0130	38263	Interview with Stuart Jeffries, The Guardian (16 June 2013)	https://www.azquotes.com/author/3575-Willem_Dafoe/tag/challenges - aggregator; search summary reports the quote is from Stuart Jeffries's Guardian interview of 16 June 2013
batch_0130	38267	Interview with Steve Rose, The Guardian (4 July 2012), 'Willem Dafoe: You do your best work when you're scared'	https://www.brainyquote.com/quotes/willem_dafoe_589261 - aggregator; search summary reports the quote is from Steve Rose's Guardian interview of 4 July 2012
batch_0130	38273	Interview with Stuart Jeffries, The Guardian (16 June 2013)	https://www.brainyquote.com/quotes/willem_dafoe_542246 - aggregator; search summary reports the quote is from Stuart Jeffries's Guardian interview of 16 June 2013
batch_0130	38522	Speech to the Conservative Spring Forum, Harrogate (4 March 2001)	https://www.brainyquote.com/quotes/william_hague_463281 - aggregator; search summary reports the line is from Hague's speech to the Conservative Spring Forum in Harrogate on 4 March 2001 (the same speech cited for row 38525)
batch_0130	38524	Speech to the Conservative Party Conference, Manchester (5 October 2011)	https://www.azquotes.com/author/6087-William_Hague - aggregator; search summary reports the statement was made at the Conservative party conference in Manchester on 5 October 2011
batch_0130	38525	Speech to the Conservative Spring Forum, Harrogate (4 March 2001)	https://www.azquotes.com/quote/120693 - aggregator; search summary reports the passage is from Hague's speech to the Spring Forum in Harrogate
batch_0130	38527	Interview on The Andrew Marr Show, BBC (6 February 2011)	https://www.brainyquote.com/authors/william-hague-quotes - aggregator; search summary reports the remark was made on the BBC Andrew Marr Show on 6 February 2011 while Hague was Foreign Secretary
batch_0130	38533	Speech to the Conservative Spring Forum, Harrogate (4 March 2001)	https://www.azquotes.com/author/6087-William_Hague - aggregator; search summary reports the quote is from Hague's speech to the Spring Forum in Harrogate, 4 March 2001
batch_0132	3683	Real Moments (1994)	https://libquotes.com/barbara-de-angelis/works/real-moments - Lib Quotes lists the line under De Angelis's book Real Moments
batch_0132	3684	Real Moments (1994)	https://libquotes.com/barbara-de-angelis/works/real-moments - Lib Quotes lists the line under De Angelis's book Real Moments
batch_0132	39209	See You at the Top (1975)	https://www.goodreads.com/book/show/161415.See_You_at_the_Top - book page carries the publisher's description stating the book's premise is that you can get everything you want if you help enough other people get what they want
batch_0132	39228	Their Eyes Were Watching God (1937)	https://libquotes.com/zora-neale-hurston/works/their-eyes-were-watching-god - Lib Quotes lists the line under Their Eyes Were Watching God
batch_0132	39231	Tell My Horse: Voodoo and Life in Haiti and Jamaica (1938)	https://libquotes.com/zora-neale-hurston/quote/lbx1r8p - Lib Quotes sources the line to Tell My Horse (1938)
batch_0134	14795	Incidents in the Life of a Slave Girl (1861), ch. 11 'The New Tie to Life'	https://www.brainyquote.com/quotes/harriet_ann_jacobs_284792 - only an aggregator surfaced in search; the sentence is verbatim from the narrative's chapter on the birth of her son
batch_0134	15043	Guideposts (January 1960)	https://www.goodreads.com/author/quotes/45337.Helen_Hayes - search summary and Wikiquote (en.wikiquote.org/wiki/Helen_Hayes) attribute the passage to Guideposts, January 1960; same passage as row 15040
batch_0134	15060	On Reflection: An Autobiography (1968), ch. 14	https://libquotes.com/helen-hayes/quotes/life - sourced-quote listing; the line belongs to the same On Reflection ch. 14 passage ('I am confused by life, and I feel safe within the confines of the theatre') that Wikiquote (en.wikiquote.org/wiki/Helen_Hayes) cites
batch_0136	29588	The Courage to Be (1952), ch. 3	https://www.goodreads.com/work/quotes/1261052-the-courage-to-be - listed among quotations from The Courage to Be ('Neurosis is the way of avoiding nonbeing by avoiding being')
batch_0136	29590	The Courage to Be (1952), ch. 2	https://www.goodreads.com/work/quotes/1261052-the-courage-to-be - from The Courage to Be: 'But within these limits he is asked to make of himself what he is supposed to become, to fulfill his destiny' (discussion of man as finite freedom)
batch_0139	15075	Ramona (1884)	https://libquotes.com/helen-hunt-jackson/works/ramona - traced to Jackson's novel Ramona
batch_0142	7470	The Huffington Post, interview by Jincey Lumpkin (2012)	https://www.azquotes.com/author/5302-Cindy_Gallop/1000 - search identified the quote as from a 2012 Huffington Post interview with Jincey Lumpkin
batch_0148	20000	Sermon no. 10 on 1 Corinthians	https://en.wikipedia.org/wiki/Portal:Reformed_Christianity/Quotes - Wikipedia's Reformed Christianity quotes portal and libquotes cite this to Calvin's tenth sermon on 1 Corinthians
batch_0149	28702	Heartburn (1983)	https://libquotes.com/nora-ephron/quote/lbu1w2l - traced to Heartburn (1983); the line appears in the novel's passage on pregnancy
batch_0151	3280	Space, Time and Gravitation: An Outline of the General Relativity Theory (1920), concluding chapter	https://libquotes.com/arthur-eddington/works/space,-time-and-gravitation - listed under the work Space, Time and Gravitation; same passage precedes 'strange footprint on the shores of the unknown'
batch_0151	3288	The Nature of the Physical World (1928), ch. XIII	https://libquotes.com/arthur-eddington/quote/lbl9b3k - cited to The Nature of the Physical World, ch. XIII
batch_0151	3291	The Nature of the Physical World (1928)	https://libquotes.com/arthur-eddington/works/the-nature-of-the-physical-world/2 - listed under the work The Nature of the Physical World
batch_0151	10484	Reasons of the Heart (1965)	https://libquotes.com/edward-dahlberg/quote/lbg3z3e - cited to Reasons of the Heart (1965)
batch_0151	10490	Reasons of the Heart (1965)	https://libquotes.com/edward-dahlberg/quote/lbn8b4e - cited to Reasons of the Heart (1965)
batch_0151	10498	Alms for Oblivion: Essays	https://libquotes.com/edward-dahlberg/quote/lbd9o2o - cited to Alms for Oblivion: Essays
batch_0154	38469	An Universal Dictionary of the Marine (1769)	https://libquotes.com/william-falconer - the line is traced to Falconer's Marine Dictionary; https://en.wikipedia.org/wiki/William_Falconer_(poet) confirms he compiled An Universal Dictionary of the Marine
batch_0155	8572	'Living Like an Olympian', Huffington Post (13 August 2012)	https://www.brainyquote.com/authors/david-agus-quotes - search identified the originating piece as Agus's HuffPost article 'Living Like an Olympian' (13 August 2012), which carries the full passage
batch_0156	8919	'Real and Imagined Handicaps of Our Democracy in the Conduct of Its Foreign Relations' (1962), address at the Harry S. Truman Library	https://libquotes.com/dean-acheson/short-quotes - cited to Acheson's 1962 Truman Library address 'Real and Imagined Handicaps of Our Democracy in the Conduct of Its Foreign Relations'
batch_0156	12968	Dialogues Concerning Two New Sciences (1638), First Day; p. 60 in the Crew & de Salvio translation (1914)	https://libquotes.com/galileo-galilei/quote/lbp3x8k - cited to Dialogues Concerning Two New Sciences, First Day, p. 60 (trans. Henry Crew and Alfonso de Salvio, Macmillan, 1914)
batch_0156	13121	The Poetics of Reverie: Childhood, Language, and the Cosmos (1960)	https://libquotes.com/gaston-bachelard/quote/lbl4q9f - cited to The Poetics of Reverie: Childhood, Language, and the Cosmos
batch_0156	13126	The Poetics of Reverie (La poetique de la reverie, 1960)	https://libquotes.com/gaston-bachelard/quote/lbc7s2v - cited to Bachelard's The Poetics of Reverie (1960)
batch_0156	13131	Fragments of a Poetics of Fire (1988)	https://libquotes.com/gaston-bachelard/quote/lbv2q2m - cited to Fragments of a Poetics of Fire (A Retrospective Glance at the Lifework of a Master of Books)
batch_0156	15663	Memory: A Contribution to Experimental Psychology (1885; Eng. trans. 1913)	https://www.azquotes.com/quote/752924 - attributed to Ebbinghaus's Memory: A Contribution to Experimental Psychology; the passage belongs to his methodological discussion in that book (full text at psychclassics.yorku.ca/Ebbinghaus)
batch_0159	2476	The A.V. Club interview by Scott Tobias (7 April 2009)	https://www.azquotes.com/author/34235-Anna_Faris?p=2 and search result attribution - the quote is credited to Scott Tobias's avclub.com interview of 7 April 2009
batch_0160	8619	The Whole Truth (2008), epigraph	https://www.goodreads.com/book/show/2260637.The_Whole_Truth - the line opens the novel The Whole Truth ('Why waste time discovering the truth when you can so easily create it?')
batch_0161	13019	'Bale pantomime pushes English football into the wings', The Guardian (31 August 2013)	https://www.azquotes.com/quote/1203143 - search result identifies the Guardian article by Tim Lewis, 31 Aug 2013, as the origin of the remark.
batch_0161	14700	'Aaron Has Career in Day', Associated Press, The Atlanta Constitution (23 February 1971)	https://www.goodreads.com/quotes/35868 - search result identifies the AP story in The Atlanta Constitution, 23 Feb 1971, reporting Aaron's reply to Jack Nicklaus.
batch_0165	22246	Collider interview by Aubrey Page with the cast of 'Bad Moms' (26 June 2016)	https://www.brainyquote.com/authors/kathryn-hahn-quotes - line traced to Aubrey Page's Collider interview with Hahn, Kunis and Bell about 'Bad Moms', 26 June 2016
batch_0165	22248	MTV News interview, 'Kathryn Hahn on Pinterest, Motherhood, and What It's Like In Jill Soloway's Pussy Womb' (29 July 2016)	https://www.brainyquote.com/quotes/kathryn_hahn_519569 - line traced to the 29 July 2016 MTV interview with Hahn
batch_0166	30179	Festus (1839), sc. 'Another and a Better World'	https://www.goodreads.com/quotes/746618-imagination-is-the-air-of-mind - traced to Festus; https://en.wikiquote.org/wiki/Imagination - Wikiquote sources the line to Bailey's Festus
batch_0168	11047	Wuthering Heights (1847), ch. 9	https://www.goodreads.com/work/quotes/1565818-wuthering-heights - text of Catherine's speech to Nelly in the ch. 9 dream conversation: 'I've dreamt in my life dreams that have stayed with me ever after, and changed my ideas... like wine through water'
batch_0168	11055	Wuthering Heights (1847), ch. 7	https://www.goodreads.com/work/quotes/1565818-wuthering-heights - Nelly's closing remark to Lockwood at the end of ch. 7
batch_0168	14653	Minority Report: H. L. Mencken's Notebooks (1956)	https://libquotes.com/h-l-mencken/quote/lbo5y1x - cited to Minority Report: H. L. Mencken's Notebooks
batch_0168	14654	Minority Report: H. L. Mencken's Notebooks (1956)	https://libquotes.com/h-l-mencken/quote/lbz8g4i - cited to Minority Report: H. L. Mencken's Notebooks
batch_0169	23954	York State Rural Problems (1915)	https://libquotes.com/liberty-hyde-bailey/quote/lbl0g4v - quote recorded with the source 'York State Rural Problems' (1915)
batch_0169	23957	The Nature-Study Idea (1903)	https://libquotes.com/liberty-hyde-bailey/quote/lbv7a3h - quote recorded with the source 'The Nature-study Idea' (ed. 1903)
batch_0169	26063	Science and Health with Key to the Scriptures (1875), p. 57	https://libquotes.com/mary-baker-eddy/quote/lbi3a7w - quote recorded from Science and Health, p. 57
batch_0169	26072	No and Yes (1891), p. 39	https://www.brainyquote.com/quotes/mary_baker_eddy_629360 - search evidence traces the passage to 'No and Yes', p. 39
batch_0169	26296	Reflections on the Failure of Socialism (1955), p. 45	https://libquotes.com/max-eastman/quote/lbb5f0p - quote recorded with source Reflections on the Failure of Socialism (1955), p. 45
batch_0169	26297	Enjoyment of Laughter (1936)	https://www.goodreads.com/author/quotes/107568.Max_Eastman - traced to Eastman's Enjoyment of Laughter (Transaction reprint 2008)
batch_0169	26298	Enjoyment of Laughter (1936), p. 34	https://www.azquotes.com/quote/537704 - fuller passage traced to Enjoyment of Laughter, p. 34 (Transaction Publishers reprint)
batch_0169	26304	The Sense of Humor (1921)	https://libquotes.com/max-eastman - quote recorded with the source 'The Sense of Humor' (1921)
batch_0169	26308	Enjoyment of Laughter (1936), part 3, ch. 4	https://libquotes.com/max-eastman - quote recorded from The Enjoyment of Laughter, part 3, ch. 4
batch_0169	26310	Enjoyment of Laughter (1936), p. 259	https://quotefancy.com/max-eastman-quotes - passage traced to Enjoyment of Laughter, p. 259 (Routledge reprint)
batch_0169	27852	Presidential address to the All-India Muslim League, Lucknow session (1937)	https://libquotes.com/muhammad-ali-jinnah/quote/lbw7w6q - quote recorded from Jinnah's address to the Muslim League Lucknow session, 1937
batch_0170	37418	Man's Search for Meaning (1946), part two ('Logotherapy in a Nutshell')	https://www.goodreads.com/quotes/21406 - the imperative quoted from Man's Search for Meaning, with Frankl's own gloss that it 'invites him to imagine first that the present is past'
batch_0171	9671	'I don't miss running, says Donovan Bailey', Toronto Star (28 November 2011)	https://quotefancy.com/quote/1078374 - quotation page attributing the line to Paul Irish's 28 November 2011 Toronto Star interview 'I don't miss running, says Donovan Bailey'.
batch_0172	19952	Conversing with Cage (1988), ed. Richard Kostelanetz	https://libquotes.com/john-cage/quote/lbg9y1i - sourced quote collection citing Kostelanetz, Conversing with Cage (1988)
batch_0172	19955	'Forerunners of Modern Music' (1949), Tiger's Eye (New York, March 1949); reprinted in Silence: Lectures and Writings (1961)	https://libquotes.com/john-cage/quotes/music - sourced collection giving 'Forerunners of Modern Music', Tiger's Eye (March 1949), repr. in Silence
batch_0172	19961	Silence: Lectures and Writings (1961)	https://libquotes.com/john-cage/quote/lbg1u0w - sourced quote collection citing Silence: Lectures and Writings
batch_0172	19965	Silence: Lectures and Writings (1961), 'Where Are We Going? And What Are We Doing?'	https://libquotes.com/john-cage/quote/lbl7e0m - sourced collection citing 'Where Are We Going? And What Are We Doing?' in Silence (1961)
batch_0172	20342	Swan Song (1928)	https://libquotes.com/john-galsworthy/quote/lbm8s3k - sourced collection gives 'If you do not think about the future, you cannot have one' as Swan Song (1928); the corpus wording ('your future') is a variant
batch_0172	20354	Swan Song (1928)	https://libquotes.com/john-galsworthy/quote/lbm8s3k - sourced collection gives 'If you do not think about the future, you cannot have one' as Swan Song (1928)
batch_0174	34338	Elmer Gantry (1927)	https://libquotes.com/sinclair-lewis/quote/lbw1f8j - libquotes records the line; the longer passage ('It is the rainbow that stands out... the morning and the evening star') is Elmer Gantry's sermon on love in the novel
batch_0174	34346	Dodsworth (1929)	https://www.goodreads.com/work/quotes/1677736-dodsworth - the passage is indexed to the novel Dodsworth, and the continuation ('Four hundred pictures all on a wall...') matches its text
batch_0176	14363	Interview collected in 'Interviews' on the author's site gregegan.net	https://www.brainyquote.com/quotes/greg_egan_281864 - Egan describing his novel Diaspora in interview; the wording is an author interview remark, not a passage from the novel
batch_0177	16396	Philosophiae Naturalis Principia Mathematica (1687), Author's Preface to the Reader	https://www.brainyquote.com/quotes/isaac_newton_378315 - line traced to the Principia preface ('errors are not in the art, but in the artificers'); wording matches Motte's translation of the 1687 preface
batch_0177	17138	Interview with Goodreads (Goodreads News & Interviews)	https://www.goodreads.com/interviews/show/462.James_Dashner - Dashner gives this as his motto in the interview
batch_0180	20559	The Use of Life (1894), ch. 4 'Recreation'	https://libquotes.com/john-lubbock/works/the-use-of-life - the passage is listed among quotations sourced to The Use of Life (1894)
batch_0180	20567	The Pleasures of Life, Part I (1887), ch. 2 'The Happiness of Duty'	https://libquotes.com/john-lubbock/quote/lbg9i7r - Lib Quotes sources the line to The Pleasures of Life, vol. 1 (1887), ch. II
batch_0181	25337	'The Grateful Negro', Popular Tales (1804)	https://libquotes.com/maria-edgeworth - quote cited to 'The Grateful Negro' in Popular Tales (1804)
batch_0181	25340	Castle Rackrent (1800)	https://libquotes.com/maria-edgeworth/works/castle-rackrent - listed among Castle Rackrent quotations (Sir Condy's line)
batch_0181	32069	'The Men That Don't Fit In', The Spell of the Yukon and Other Verses (1907)	https://libquotes.com/robert-service/quote/lbh3j6d - quote cited to 'The Men That Don't Fit In'
batch_0183	2655	'A Q&A with Anthony Daniels (C-3PO), touring with Star Wars: In Concert' (2009), The Seattle Times, 12 October 2009	https://www.azquotes.com/author/38456-Anthony_Daniels - traced to Tom Keogh's Seattle Times Q&A of 12 October 2009 about Star Wars: In Concert
batch_0183	5107	'Exclusive: The Rags-To-Riches Tale Of How Jan Koum Built WhatsApp Into Facebook's New $19 Billion Baby' (2014), Forbes, 19 February 2014	https://www.azquotes.com/author/54100-Brian_Acton - traced to Parmy Olson's Forbes profile of WhatsApp (19 February 2014), where Acton discusses his dislike of advertising work
batch_0186	28524	Report to Greco (1965), 'The Son', ch. 4	https://libquotes.com/nikos-kazantzakis/quote/lbb8s9p - sourced quote page citing Report to Greco; Kazantzakis there quotes a Byzantine mystic he admired
batch_0186	28531	Zorba the Greek (1946), narrator's reflection	https://www.goodreads.com/en/book/show/53639.Zorba_the_Greek - the passage 'Everything in this world has a hidden meaning... they are all hieroglyphics' is from the novel
batch_0186	28799	I'm a Stranger Here Myself (1938), from the verse on remorse	https://www.goodreads.com/work/quotes/414354 - the line appears in the longer remorse poem collected in I'm a Stranger Here Myself
batch_0189	10871	Wives and Daughters (1866)	https://libquotes.com/elizabeth-gaskell/works/wives-and-daughters - line listed among Wives and Daughters text quotations
batch_0189	10874	Cranford (1853)	https://en.wikiquote.org/wiki/Credulity - Wikiquote Credulity page cites Gaskell; https://libquotes.com/elizabeth-gaskell/works/cranford lists it under Cranford
batch_0189	11420	The Ordeal of Change (1963), ch. 1 'Drastic Change'	https://libquotes.com/eric-hoffer/works/the-ordeal-of-change - listed under The Ordeal of Change; passage continues 'In the case of drastic change the uneasiness is deeper and more lasting'
batch_0189	13573	Outlandish Proverbs (1640), no. 473	https://quotepark.com/quotes/1829886 - numbering '473. Hope is the poor man's bread' from Herbert's Outlandish Proverbs
batch_0189	14168	Speech to his volunteers (1860)	https://quotefancy.com/quote/1200915 - text of the passage; recorded in Giuseppe Guerzoni, Garibaldi (1882), vol. 1, p. 331, a contemporary's record of the address
batch_0189	16997	Beyond Life (1919)	https://www.goodreads.com/quotes/621679 - cited to Cabell's Beyond Life (Cosimo reprint, p. 173)
batch_0189	18048	Off the Skelligs, p. 571	https://www.azquotes.com/author/7169-Jean_Ingelow - cited to Ingelow's novel Off the Skelligs, p. 571
batch_0189	18049	Off the Skelligs, p. 571	https://www.goodreads.com/quotes/551102 - cited to Ingelow's novel Off the Skelligs, p. 571
batch_0190	21543	The Revolt of the Masses (1930)	https://www.goodreads.com/work/quotes/3065822-la-rebeli-n-de-las-masas - passage located in the book's text; also listed on Britannica's Ortega quotations page.
batch_0194	19193	Shadow of the Almighty: The Life and Testament of Jim Elliot (1958), p. 47	https://www.goodreads.com/book/show/9551.Shadow_of_the_Almighty - the quote ('Wherever you are, be all there...') is placed at p. 47 of Shadow of the Almighty, the compilation of Elliot's journals and letters
old_batch_0002	33096	The Adventurer (1753)	https://libquotes.com/samuel-johnson/quote/lbn2s7l - snippet gives the full passage 'To strive with difficulties, and to conquer them, is the highest human felicity; the next is, to strive, and deserve to conquer ...' from The Adventurer; essay number not given in results
old_batch_0004	33002	The Way of All Flesh (1903), ch. 39	https://libquotes.com/samuel-butler-novelist/quote/lbv1v1i - search snippet gives the fuller text ('...who husbands it too carefully to waste it where it can be dispensed with') and places it in The Way of All Flesh, ch. 39
