id	author	quote
14124	Gina Carano	Since I've started fighting it has taught me a lot about self respect, self confidence and self control.
14125	Gina Carano	I definitely don't want to be one of those athletes who turns into a cheesy actress.
14126	Gina Carano	I want people to see me for who I am and not for how someone else is trying to promote me.
14127	Gina Carano	Sometimes, you get portrayed the way you don't want to be portrayed.
14128	Gina Carano	Fighting is my career, it's what I love to do, but I am taking offers and trying to expand because the more I expand myself, the more valuable I become to promoters.
14129	Gina Carano	Everybody is their own critic.
14130	Gina Carano	It's a constant battle for everybody, but you need to be happy with yourself.
14131	Gina Carano	I think I came up in fighting in a really technical way. If you've ever seen my fights, you know I love distance, I love technique.
14132	Gina Carano	Fighting is very physical and extreme and you're very vulnerable. It's a very mental type of thing.
14133	Gina Carano	I am always training because I love it.
14134	Gina Carano	I am not a violent person. I actually don't like to hurt people.
14135	Gina Carano	I don't get paid what people think I get paid for fighting.
14136	Gina Carano	I find that whoever you are as a person is how you're gonna fight, and every basic instinct kind of comes out at that moment.
14191	Glenn Danzig	I was bringing my attitude as a regular person 'cause this is my attitude.
14192	Glenn Danzig	In Japan, they have TV sets in cars right now, where you can punch up traffic routes, weather, everything! You can get Internet access already in cars in Japan, so within the next 2 to 3 years it's gonna be so crazy!
14193	Glenn Danzig	Al Gore wanted to tell people what they could listen to and what they couldn't, what they could record. It was basically coming down to the idea that he wouldn't let anybody record any music that he didn't think you should be doing. There was going to be an organization that would tell you what you could and couldn't record.
14194	Glenn Danzig	I just told you I wasn't a Satanist.
14195	Glenn Danzig	To some people heavy metal is Motorhead and to others it's Judas Priest.
14196	Glenn Danzig	We're doing Circle of Snakes, we open up with Skin Carver and we are throwing in Skull Forest later on.
14197	Glenn Danzig	But when you get to a song, not only do you have to do a vocal melody, you have to write words and not be redundant and make some semblance of a story.
14198	Glenn Danzig	Whether I'm doing music or I'm walking down the street or I'm in a record store buying a record or I walk into a comic store and I'm buying comics or having a drink with my friends, it's the same me.
14199	Glenn Danzig	I wish the Libertarian Party would get more play in the media but they don't.
14200	Glenn Danzig	People don't realize that they're being played by the Democratic Party and the Republican Party, but more so by the Democratic Party because the Democratic Party does not want another party in there.
14201	Glenn Danzig	But the Danzig unreleased stuff will be either a single or a double CD.
14202	Glenn Danzig	Wars have always started over religion.
14203	Glenn Danzig	We still have pretty good sales, especially for the art books.
14204	Glenn Danzig	You know I take music seriously, right? So I expect journalists to take being a journalist seriously.
14205	Glenn Danzig	My view on Democrats is that they're fascists disguised as liberals, or liberal moderates. You're not allowed to say anything they don't agree with. You're not allowed to do anything.
14206	Glenn Danzig	My idea of covers is that you should never cover a song and do it exactly like the artist because everyone's always going to compare it to the way the original artists did it, and they're just going to go, 'Oh I like the original better.'
14207	Glenn Danzig	We probably put about four or five comic books out a year and probably about two or three art books and various trade paperbacks - maybe four or five of those a year - and that's what we do now.
14208	Glenn Danzig	I think the key to being a journalist is getting your subject to feel comfortable enough to talk about stuff they want to talk about and the stuff they like and don't like, and still feel comfortable about it.
14209	Glenn Danzig	The Democratic party has gone so far to the left that people just can't relate to it anymore and the Republican party is trying to go totally to the right.
14210	Glenn Danzig	I'm just saying that at least for the foreseeable future there won't be any more touring.
14211	Glenn Danzig	It's not like that anymore really, but back in the day, nobody would let the Misfits open up for them, not the Ramones, not the Cramps, nobody.
14212	Glenn Danzig	But unfortunately, I have to say, one out of every 100 interviews I do, I get a real journalist.
14213	Glenn Danzig	I don't think there's a back lot here in Hollywood anymore that has those streets, like a French Quarter.
14214	Glenn Danzig	I know they are going to be doing a box set in Europe of Danzig 5 and 6 and some other stuff.
14215	Glenn Danzig	Of course, I started really being a comics fan with the underground stuff in the '70s.
14244	Golda Meir	Trust yourself. Create the kind of self that you will be happy to live with all your life. Make the most of yourself by fanning the tiny, inner sparks of possibility into flames of achievement.
14245	Golda Meir	I must govern the clock, not be governed by it.
14246	Golda Meir	Not being beautiful was the true blessing. Not being beautiful forced me to develop my inner resources. The pretty girl has a handicap to overcome.
14247	Golda Meir	You'll never find a better sparring partner than adversity.
14248	Golda Meir	Old age is like a plane flying through a storm. Once you're aboard, there's nothing you can do.
14249	Golda Meir	Let me tell you something that we Israelis have against Moses. He took us 40 years through the desert in order to bring us to the one spot in the Middle East that has no oil!
14250	Golda Meir	Don't be humble... you're not that great.
14251	Golda Meir	Whether women are better than men I cannot say - but I can say they are certainly no worse.
14252	Golda Meir	We Jews have a secret weapon in our struggle with the Arabs; we have no place to go.
14253	Golda Meir	The dog that trots about finds a bone.
14254	Golda Meir	There can be no doubt that the average man blames much more than he praises. His instinct is to blame. If he is satisfied he says nothing; if he is not, he most illogically kicks up a row.
14255	Golda Meir	A leader who doesn't hesitate before he sends his nation into battle is not fit to be a leader.
14256	Golda Meir	I can honestly say that I was never affected by the question of the success of an undertaking. If I felt it was the right thing to do, I was for it regardless of the possible outcome.
14257	Golda Meir	We do not rejoice in victories. We rejoice when a new kind of cotton is grown and when strawberries bloom in Israel.
14258	Golda Meir	To be or not to be is not a question of compromise. Either you be or you don't be.
14259	Golda Meir	One cannot and must not try to erase the past merely because it does not fit the present.
14260	Golda Meir	Those who don't know how to weep with their whole heart, don't know how to laugh either.
14261	Golda Meir	We don't thrive on military acts. We do them because we have to, and thank God we are efficient.
14262	Golda Meir	It's no accident many accuse me of conducting public affairs with my heart instead of my head. Well, what if I do? Those who don't know how to weep with their whole heart don't know how to laugh either.
14263	Golda Meir	The Egyptians could run to Egypt, the Syrians into Syria. The only place we could run was into the sea, and before we did that we might as well fight.
14264	Golda Meir	It is true we have won all our wars, but we have paid for them. We don't want victories anymore.
14265	Golda Meir	There's no difference between one's killing and making decisions that will send others to kill. It's exactly the same thing, or even worse.
14266	Golda Meir	Above all, this country is our own. Nobody has to get up in the morning and worry what his neighbors think of him. Being a Jew is no problem here.
14267	Golda Meir	I don't know why you use a fancy French word like detente when there's a good English phrase for it - cold war.
14268	Golda Meir	To be successful, a woman has to be much better at her job than a man.
14307	Grant Achatz	Part of becoming a little bit older and having the opportunities that I have, you want to start giving back to people who have been influential and helped you along the way.
14308	Grant Achatz	I don't care if you're doing haute cuisine or burgers and pizza, just do it right.
14309	Grant Achatz	The most luxurious thing to me is having an hour of my day, which rarely happens, to listen to my iPod and sit on my couch. That's how I unwind.
14310	Grant Achatz	Food can be expressive and therefore food can be art.
14311	Grant Achatz	I had D minuses in chemistry and all of the sciences, and now I'm known as a molecular gastronomist.
14312	Grant Achatz	My life has been such a blur since I was 18, 19 years old. I haven't even had time to contemplate my own life. By forcing yourself to write your life story you learn a great deal about yourself.
14313	Grant Achatz	Whatever it is you're doing, whether it's your career or a particular focus, if you're trying to be the best you can possibly be, then you'll be putting that pressure on yourself.
14314	Grant Achatz	Anything that could ever prevent me from achieving a goal, I put in a box, tape it up, throw it over my shoulder. You aim for a goal and attain it. Then you look to the next one.
14315	Grant Achatz	A cookbook is not like being an author. It's writing down recipes; it's not writing.
14316	Grant Achatz	What makes the food that we do at Alinea so interesting on the outside is that we really don't let ourselves say no to an idea.
14317	Grant Achatz	I always knew I wanted to be a chef.
14318	Grant Achatz	It's not really the life of cooking that's hard - it's what you make of it and what level you push yourself to.
14319	Grant Achatz	My personality was always such that I always look straight forward, never behind or to the side.
14320	Grant Achatz	Here's the irony in what I do: When I go out to eat, I like classic French food. I like amazing Japanese food that has such a history that it goes back hundreds of years. And I also like really innovative food as well.
14321	Grant Achatz	Whenever people are faced with any sort of adversity... they tend to gravitate toward things that make them comfortable, and things that they feel are important.
14322	Grant Achatz	Alinea is not the type of restaurant where you go if you're in a hurry. Really, it's about enjoying that three-hour block of time and reflecting on the food, having great conversation with your dining companion.
14323	Grant Achatz	I lived my whole life in the kitchen. Not only that, but it's the passion, it's the love for cooking and food. It's dictated my entire life - every aspect of it.
14324	Grant Achatz	There are about 700 flavors that you can smell, but only five you can taste. A lot of times what you're perceiving as flavor has nothing to do with palette, but it's more to do with scents.
14325	Grant Achatz	To me, every kitchen appliance is useful and nothing's overrated. When I look at my little espresso machine, I don't see coffee. I see a steaming valve as an opportunity to make amazing creme brulee.
14326	Grant Achatz	Ultimately, the perfect meal is when those things come together - circumstance, the food, ambiance, and you're with the person that you want to be with.
14327	Grant Achatz	The popularity of the Internet and using it as an available resource has really changed the way chefs kind of gather information and look for inspiration. To me, a food trend is potentially a lot of people following an idea.
14328	Grant Achatz	Food is a necessary component to life. People can live without Renoir, Mozart, Gaudi, Beckett, but they cannot live without food.
14329	Grant Achatz	I hate stuff in my pockets, can't stand it. I'll carry stuff in my hands rather than put it in my pockets.
14330	Grant Achatz	I was a completely below-average high school student. I never went to college.
14331	Grant Achatz	I wish that food trucks could exist here in Chicago like they do in Brooklyn and in New York, where you're actually cooking off the truck.
14474	Guillermo Cabrera Infante	I believe that writers, unless they consider themselves terribly exquisite, are at heart people who live by night, a little bit outside society, moving between delinquency and conformity.
14475	Guillermo Cabrera Infante	No, absolutely not, writing doesn't have to be like a jigsaw puzzle, it can be a very linear undertaking.
14476	Guillermo Cabrera Infante	My mother had been educated at a convent, and she had been converted to communism by my father during Stalin's most rampant period, at the beginning of the 1930s. So she had two gods, God in heaven and god on earth.
14477	Guillermo Cabrera Infante	American literature had always considered writing a very serious matter.
14478	Guillermo Cabrera Infante	Well, I write in exile because I cannot return to my country, so I have no choice but to see myself as an exiled writer.
14479	Guillermo Cabrera Infante	I read the Odyssey because it was the story of a man who returned home after being absent for more than twenty years and was recognized only by his dog.
14480	Guillermo Cabrera Infante	My parents were founders of the Cuban Communist Party, and I grew up extremely poor.
14481	Guillermo Cabrera Infante	I think writers rush in where everybody is very frightened to tread.
14482	Guillermo Cabrera Infante	Puns are a form of humor with words.
14483	Guillermo Cabrera Infante	If you look closely, there is no book more visual than Three Trapped Tigers, in that it is filled with blank pages, dark pages, it has stars made of words, the famous magical cube made of numbers, and there is even a page which is a mirror.
14484	Guillermo Cabrera Infante	I am a writer of fragments.
14485	Guillermo Cabrera Infante	I don't have any style.
14486	Guillermo Cabrera Infante	I was an avid radio fan when I was a boy, as well as a great lover of comic strips.
14487	Guillermo Cabrera Infante	You are just in the middle of a struggle with words which are really very stubborn things, with a blank page, with the damn thing that you use to write with, a pen or a typewriter, and you forget all about the reader when you are doing that.
14488	Guillermo Cabrera Infante	I think that I've tried many times to get Cuba in my writings, especially Havana, which was once a great and fascinating city.
14489	Guillermo Cabrera Infante	It means that no matter what you write, be it a biography, an autobiography, a detective novel, or a conversation on the street, it all becomes fiction as soon as you write it down.
14490	Guillermo Cabrera Infante	That is what I define as a novel: something that has a beginning, a middle and an end, with characters and a plot that sustain interest from the first sentence to the last. But that is not what I do at all.
14491	Guillermo Cabrera Infante	I describe my works as books, but my publishers in Spain, in the United States, and elsewhere insist on calling them novels.
14492	Guillermo Cabrera Infante	I think that like all writers - and if any writer disagrees with this, then he is not a writer - I write primarily for myself.
14493	Guillermo Cabrera Infante	I first came out against Castro in June 1968, fifteen months after my book had been published, and you cannot imagine how quickly a void was created around me.
14494	Guillermo Cabrera Infante	A very wise author once said that a writer writes for himself, and then publishes for money. I write for myself and publish just for the reader.
14495	Guillermo Cabrera Infante	But I do not have the reader in mind when I write. No true writer does that.
14496	Guillermo Cabrera Infante	I think all writing is done through memory.
14497	Guillermo Cabrera Infante	I do not believe in inspiration, but I must have a title in order to work, otherwise I am lost.
14498	Guillermo Cabrera Infante	I have assiduously avoided calling my books novels.
14517	Gwen Ifill	If it were the Clinton people, they'd be sitting around figuring out how to pull themselves out. Instead the president is continuing to go around the country and peddling Social Security, which the needle is not moving on.
14518	Gwen Ifill	When the President was asked about global warming at a public appearance yesterday, he responded by talking about America's addiction to oil. You make the connection.
14519	Gwen Ifill	Is it unreasonable to have proof of citizenship when entering another country?
14520	Gwen Ifill	Journalists are accused of being lapdogs when they don't ask the hard questions, but then accused of being rude when they do. Good thing we have tough hides.
14521	Gwen Ifill	I'm a preacher's kid, and we were always told, Act right all the time, because someone's always watching.
14522	Gwen Ifill	The common agenda both sides seem to share is: Whatever works.
14523	Gwen Ifill	Tony Blair - good thing there are not parliamentary elections in this country.
14524	Gwen Ifill	The President has launched a very agressive campaign of self-defense, with the goal of getting Americans to buy into his vision of America on the world stage.
14525	Gwen Ifill	If you start to catalog Hillary Clinton's positions between now and 2008, we're going to have a lot of conversations because there are a lot of places for her to go.
14526	Gwen Ifill	Hope springs eternal, even in politics.
14527	Gwen Ifill	On immigration, there are a lot of hurdles before anything arrives at the White House.
14528	Gwen Ifill	A lot of Democrats are not that upset with Howard Dean. Howard Dean gets out here and he says these inflammatory things, and he doesn't apologize. He doesn't back down a little bit.
14529	Gwen Ifill	Can't disagree with the need for a grasp of history.
14530	Gwen Ifill	It's been years, decades, since a president has lost a major trade initiative. That would be bad headlines.
14531	Gwen Ifill	One of the things that Africa needs, everybody seems to agree, is some measure of debt relief.
14532	Gwen Ifill	We will wait to see if it is a doozy before we decide how to cover it, and what it all means.
14533	Gwen Ifill	Did I say that the President's entire job is image management? Of course not.
14534	Gwen Ifill	There seems to be more abiding interest in unearthing old memos abroad than there is here.
14535	Gwen Ifill	Don't count out other amazing programming like Frontline. You will still find more hours of in-depth news programming, investigative journalism and analysis on PBS than on any other outlet.
14536	Gwen Ifill	Folks who are getting their strokes in the South are not as unhappy with Howard Dean. You don't see anybody starting any movement to get him out of office.
14537	Gwen Ifill	History shows that people often do cast their votes for amorphous reasons-the most powerful among them being the need for change. Just ask Bill Clinton.
14538	Gwen Ifill	People do still cheer for the President. And some of the military audiences are more likely to cheer than others. I have seen him speak lately in front of groups like Freedom House, where the applause was a long time coming.
14539	Gwen Ifill	We're not paying attention to the fact that Hillary Clinton is running in 2006. Everyone is looking to her for the future. It's the same with anybody else who's positioning themselves.
14540	Gwen Ifill	Whatever their motivations, lawmakers on both side of the aisle have certainly discovered that immigration is one of those issues that resonate strongly with the public.
14541	Gwen Ifill	You would like me to say that the veil will be ripped from the voters' eyes sometime between now and November, thereby restoring the proper version of Democracy to the House and Senate. I won't say that, of course. The simple reason is, I don't know.
14542	Gwyneth Paltrow	My life comes down to three moments: the death of my father, meeting my husband, and the birth of my daughter. Everything I did previous to that just doesn't seem to add up to very much.
14543	Gwyneth Paltrow	My father, he was like the rock, the guy you went to with every problem.
14544	Gwyneth Paltrow	Beauty, to me is about being comfortable in your own skin.
14545	Gwyneth Paltrow	The older I get, the more open-minded I get, the less judgmental I get.
14546	Gwyneth Paltrow	Sometimes when things you love get really commercial, you end up feeling betrayed by it.
14547	Gwyneth Paltrow	I'm not sure how healthy bacon is in general, but I know it's incredibly delicious.
14548	Gwyneth Paltrow	When I pass a flowering zucchini plant in a garden, my heart skips a beat.
14549	Gwyneth Paltrow	I wouldn't say I'm a mummy's girl, but I have grown to have a tremendous appreciation of her as a woman. I was very much a daddy's girl.
14550	Gwyneth Paltrow	I'll immediately gain, like, 5 pounds even just by thinking about cutting out dessert. It's a nightmare. I decided, for me, the healthiest thing was to eat what I want and just exercise. Some women can watch what they eat, but I just can't do that.
14551	Gwyneth Paltrow	I love being. There's so much wisdom in it. You wake up in the morning and you think, Hey, isn't it great just being?
14552	Gwyneth Paltrow	I'm hard on myself, so I'm working on shifting perspective toward self-acceptance, with all my flaws and weaknesses.
14553	Gwyneth Paltrow	My life is good because I am not passive about it. I invest in what is real. Like real people, to do real things, for the real me.
14554	Gwyneth Paltrow	When you're so out there in the public eye, people are constantly criticizing every aspect about you.
14555	Gwyneth Paltrow	I'll take my wrinkles. I don't like the Botox thing.
14556	Gwyneth Paltrow	The adrenaline of a live performance is unlike anything in film or theater. I can see why it's so addictive.
14557	Gwyneth Paltrow	The simpler things are, the happier they are.
14558	Gwyneth Paltrow	Could I use some butter and cheese and eggs in my cooking without going down some kind of hippie shame spiral? Yes. Of course I could.
14559	Gwyneth Paltrow	I don't eat red meat, but sometimes a man needs a steak.
14560	Gwyneth Paltrow	I really like where Tony Robbins says that we're all hypnotized to see beauty this one specific way, and it's true.
14561	Gwyneth Paltrow	The work gets more difficult as you get older. You learn more and you gather more experiences, there is deeper pain and higher highs.
14562	Gwyneth Paltrow	I eat whatever I want. I like bread and cheese and wine, and that makes my life fun and enjoyable.
14563	Gwyneth Paltrow	I wasn't the high-school play queen or anything. And my parents would let not me act until I graduated from college.
14564	Gwyneth Paltrow	In Britain, they have a lot of laws to protect you, and we enforce them very strongly so that our children can stay private figures, and the British press leave us alone, which is great. It means we can go on the Tube into the centre of London because it's quicker and more fun for the kids. We can do normal things.
14565	Gwyneth Paltrow	Brits are far more intelligent and civilised than Americans. I love the fact that you can hail a taxi and just pick up your pram and put in the back of the cab without having to collapse it. I love the parks and places I go for dinner and my friends.
14566	Gwyneth Paltrow	Creating a meal for my friends and family, sitting together, eating, laughing and talking - that is when I am so happy. Oh my God, if you could see how much food I make - I am the original Jewish mother.
14569	H. G. Wells	If you fell down yesterday, stand up today.
14570	H. G. Wells	Every time I see an adult on a bicycle, I no longer despair for the future of the human race.
14571	H. G. Wells	Adapt or perish, now as ever, is nature's inexorable imperative.
14572	H. G. Wells	Affliction comes to us, not to make us sad but sober; not to make us sorry but wise.
14573	H. G. Wells	Beauty is in the heart of the beholder.
14574	H. G. Wells	If we don't end war, war will end us.
14575	H. G. Wells	The New Deal is plainly an attempt to achieve a working socialism and avert a social collapse in America; it is extraordinarily parallel to the successive 'policies' and 'Plans' of the Russian experiment. Americans shirk the word 'socialism', but what else can one call it?
